,Name,Jersey,DOB,Urlname,baseurl
0,dylan cease,84,12/28/1995,ceasedy,https://www.baseball-reference.com/players/gl.fcgi?id=ceasedy01&t=b&year=
1,austin davis,48,2/3/1993,davisau,https://www.baseball-reference.com/players/gl.fcgi?id=davisau01&t=b&year=
2,enyel de los santos,62,12/25/1995,deen,https://www.baseball-reference.com/players/gl.fcgi?id=deen01&t=b&year=
3,jeremiah estrada,56,11/1/1998,estraje,https://www.baseball-reference.com/players/gl.fcgi?id=estraje01&t=b&year=
4,michael king,34,5/25/1995,kingmi,https://www.baseball-reference.com/players/gl.fcgi?id=kingmi01&t=b&year=
5,stephen kolek,32,4/18/1997,kolekst,https://www.baseball-reference.com/players/gl.fcgi?id=kolekst01&t=b&year=
6,yuki matsui,1,10/30/1995,matsuyu,https://www.baseball-reference.com/players/gl.fcgi?id=matsuyu01&t=b&year=
7,adam mazur,36,4/20/2001,mazurad,https://www.baseball-reference.com/players/gl.fcgi?id=mazurad01&t=b&year=
8,adrian morejon,50,2/27/1999,morejad,https://www.baseball-reference.com/players/gl.fcgi?id=morejad01&t=b&year=
9,wandy peralta,58,7/27/1991,peralwa,https://www.baseball-reference.com/players/gl.fcgi?id=peralwa01&t=b&year=
10,robert suarez,75,3/1/1991,suarero,https://www.baseball-reference.com/players/gl.fcgi?id=suarero01&t=b&year=
11,randy vasquez,98,11/3/1998,vasqura,https://www.baseball-reference.com/players/gl.fcgi?id=vasqura01&t=b&year=
12,matt waldron,61,9/26/1996,waldrma,https://www.baseball-reference.com/players/gl.fcgi?id=waldrma01&t=b&year=
13,luis campusano,12,9/29/1998,campulu,https://www.baseball-reference.com/players/gl.fcgi?id=campulu01&t=b&year=
14,kyle higashioka,20,4/20/1990,higasky,https://www.baseball-reference.com/players/gl.fcgi?id=higasky01&t=b&year=
15,brett sullivan,29,2/22/1994,sullibr,https://www.baseball-reference.com/players/gl.fcgi?id=sullibr01&t=b&year=
16,luis arraez,4,4/9/1997,arraelu,https://www.baseball-reference.com/players/gl.fcgi?id=arraelu01&t=b&year=
17,jake cronenworth,9,1/21/1994,croneja,https://www.baseball-reference.com/players/gl.fcgi?id=croneja01&t=b&year=
18,haseong kim,7,10/17/1995,kimha,https://www.baseball-reference.com/players/gl.fcgi?id=kimha01&t=b&year=
19,manny machado,13,7/6/1992,machama,https://www.baseball-reference.com/players/gl.fcgi?id=machama01&t=b&year=
20,donovan solano,39,12/17/1987,solando,https://www.baseball-reference.com/players/gl.fcgi?id=solando01&t=b&year=
21,tyler wade,14,11/23/1994,wadety,https://www.baseball-reference.com/players/gl.fcgi?id=wadety01&t=b&year=
22,bryce johnson,27,10/27/1995,johnsbr,https://www.baseball-reference.com/players/gl.fcgi?id=johnsbr01&t=b&year=
23,jackson merrill,3,4/19/2003,merrija,https://www.baseball-reference.com/players/gl.fcgi?id=merrija01&t=b&year=
24,david peralta,24,8/14/1987,peralda,https://www.baseball-reference.com/players/gl.fcgi?id=peralda01&t=b&year=
25,jurickson profar,10,2/20/1993,profaju,https://www.baseball-reference.com/players/gl.fcgi?id=profaju01&t=b&year=
26,justin anderson,60,9/28/1992,anderju,https://www.baseball-reference.com/players/gl.fcgi?id=anderju01&t=b&year=
27,john brebbia,59,5/30/1990,brebbjo,https://www.baseball-reference.com/players/gl.fcgi?id=brebbjo01&t=b&year=
28,ky bush,57,11/12/1999,bushky,https://www.baseball-reference.com/players/gl.fcgi?id=bushky01&t=b&year=
29,jonathan cannon,48,7/19/2000,cannojo,https://www.baseball-reference.com/players/gl.fcgi?id=cannojo01&t=b&year=
30,garrett crochet,45,6/21/1999,crochga,https://www.baseball-reference.com/players/gl.fcgi?id=crochga01&t=b&year=
31,fraser ellard,61,11/6/1997,ellarfr,https://www.baseball-reference.com/players/gl.fcgi?id=ellarfr01&t=b&year=
32,chris flexen,77,7/1/1994,flexech,https://www.baseball-reference.com/players/gl.fcgi?id=flexech01&t=b&year=
33,chad kuhl,41,9/10/1992,kuhlch,https://www.baseball-reference.com/players/gl.fcgi?id=kuhlch01&t=b&year=
34,dominic leone,55,10/26/1991,leonedo,https://www.baseball-reference.com/players/gl.fcgi?id=leonedo01&t=b&year=
35,davis martin,65,1/4/1997,martida,https://www.baseball-reference.com/players/gl.fcgi?id=martida01&t=b&year=
36,jared shuster,51,8/3/1998,shustja,https://www.baseball-reference.com/players/gl.fcgi?id=shustja01&t=b&year=
37,touki toussaint,54,6/20/1996,toussto,https://www.baseball-reference.com/players/gl.fcgi?id=toussto01&t=b&year=
38,steven wilson,36,8/24/1994,wilsost,https://www.baseball-reference.com/players/gl.fcgi?id=wilsost01&t=b&year=
39,korey lee,26,7/25/1998,leeko,https://www.baseball-reference.com/players/gl.fcgi?id=leeko01&t=b&year=
40,chuckie robinson,47,12/14/1994,robinch,https://www.baseball-reference.com/players/gl.fcgi?id=robinch01&t=b&year=
41,brooks baldwin,27,8/15/2000,baldwbr,https://www.baseball-reference.com/players/gl.fcgi?id=baldwbr01&t=b&year=
42,nicky lopez,8,3/13/1995,lopezni,https://www.baseball-reference.com/players/gl.fcgi?id=lopezni01&t=b&year=
43,nick senzel,15,6/29/1995,senzeni,https://www.baseball-reference.com/players/gl.fcgi?id=senzeni01&t=b&year=
44,lenyn sosa,50,1/25/2000,sosale,https://www.baseball-reference.com/players/gl.fcgi?id=sosale01&t=b&year=
45,andrew vaughn,25,4/3/1998,vaughan,https://www.baseball-reference.com/players/gl.fcgi?id=vaughan01&t=b&year=
46,andrew benintendi,23,7/6/1994,beninan,https://www.baseball-reference.com/players/gl.fcgi?id=beninan01&t=b&year=
47,dominic fletcher,7,9/2/1997,fletcdo,https://www.baseball-reference.com/players/gl.fcgi?id=fletcdo01&t=b&year=
48,corey julks,30,2/27/1996,julksco,https://www.baseball-reference.com/players/gl.fcgi?id=julksco01&t=b&year=
49,luis robert jr.,88,8/3/1997,roberlu,https://www.baseball-reference.com/players/gl.fcgi?id=roberlu01&t=b&year=
50,gavin sheets,32,4/23/1996,sheetga,https://www.baseball-reference.com/players/gl.fcgi?id=sheetga01&t=b&year=
51,miguel vargas,20,11/17/1999,vargami,https://www.baseball-reference.com/players/gl.fcgi?id=vargami01&t=b&year=
52,pedro avila,60,1/14/1997,avilape,https://www.baseball-reference.com/players/gl.fcgi?id=avilape01&t=b&year=
53,scott barlow,58,12/18/1992,barlosc,https://www.baseball-reference.com/players/gl.fcgi?id=barlosc01&t=b&year=
54,tanner bibee,28,3/5/1999,bibeeta,https://www.baseball-reference.com/players/gl.fcgi?id=bibeeta01&t=b&year=
55,carlos carrasco,59,3/21/1987,carraca,https://www.baseball-reference.com/players/gl.fcgi?id=carraca01&t=b&year=
56,emmanuel clase,48,3/18/1998,claseem,https://www.baseball-reference.com/players/gl.fcgi?id=claseem01&t=b&year=
57,hunter gaddis,33,4/9/1998,gaddihu,https://www.baseball-reference.com/players/gl.fcgi?id=gaddihu01&t=b&year=
58,connor gillispie,61,11/10/1997,gillico,https://www.baseball-reference.com/players/gl.fcgi?id=gillico01&t=b&year=
59,anthony gose,26,8/10/1990,gosean,https://www.baseball-reference.com/players/gl.fcgi?id=gosean01&t=b&year=
60,tim herrin,29,10/8/1996,herriti,https://www.baseball-reference.com/players/gl.fcgi?id=herriti01&t=b&year=
61,ben lively,39,3/5/1992,livelbe,https://www.baseball-reference.com/players/gl.fcgi?id=livelbe01&t=b&year=
62,eli morgan,49,5/13/1996,morgael,https://www.baseball-reference.com/players/gl.fcgi?id=morgael01&t=b&year=
63,nick sandlin,52,1/10/1997,sandlni,https://www.baseball-reference.com/players/gl.fcgi?id=sandlni01&t=b&year=
64,cade smith,36,5/9/1999,smithca,https://www.baseball-reference.com/players/gl.fcgi?id=smithca01&t=b&year=
65,gavin williams,32,7/26/1999,williga,https://www.baseball-reference.com/players/gl.fcgi?id=williga01&t=b&year=
66,david fry,6,11/20/1995,fryda,https://www.baseball-reference.com/players/gl.fcgi?id=fryda01&t=b&year=
67,austin hedges,27,8/18/1992,hedgeau,https://www.baseball-reference.com/players/gl.fcgi?id=hedgeau01&t=b&year=
68,bo naylor,23,2/21/2000,naylobo,https://www.baseball-reference.com/players/gl.fcgi?id=naylobo01&t=b&year=
69,andres gimenez,0,9/4/1998,gimenan,https://www.baseball-reference.com/players/gl.fcgi?id=gimenan01&t=b&year=
70,angel martinez,1,1/27/2002,martian,https://www.baseball-reference.com/players/gl.fcgi?id=martian01&t=b&year=
71,josh naylor,22,6/22/1997,naylojo,https://www.baseball-reference.com/players/gl.fcgi?id=naylojo01&t=b&year=
72,jose ramirez,11,9/17/1992,ramirjo,https://www.baseball-reference.com/players/gl.fcgi?id=ramirjo01&t=b&year=
73,brayan rocchio,4,1/13/2001,rocchbr,https://www.baseball-reference.com/players/gl.fcgi?id=rocchbr01&t=b&year=
74,tyler freeman,2,5/21/1999,freemty,https://www.baseball-reference.com/players/gl.fcgi?id=freemty01&t=b&year=
75,steven kwan,38,9/5/1997,kwanst,https://www.baseball-reference.com/players/gl.fcgi?id=kwanst01&t=b&year=
76,jhonkensy noel,43,7/15/2001,noeljh,https://www.baseball-reference.com/players/gl.fcgi?id=noeljh01&t=b&year=
77,daniel schneemann,10,1/23/1997,schneda,https://www.baseball-reference.com/players/gl.fcgi?id=schneda01&t=b&year=
78,lane thomas,8,8/23/1995,thomala,https://www.baseball-reference.com/players/gl.fcgi?id=thomala01&t=b&year=
79,beau brieske,4,4/4/1998,briesbe,https://www.baseball-reference.com/players/gl.fcgi?id=briesbe01&t=b&year=
80,alex faedo,49,11/12/1995,faedoal,https://www.baseball-reference.com/players/gl.fcgi?id=faedoal01&t=b&year=
81,jason foley,68,11/1/1995,foleyja,https://www.baseball-reference.com/players/gl.fcgi?id=foleyja01&t=b&year=
82,brenan hanifee,75,5/29/1998,hanifbr,https://www.baseball-reference.com/players/gl.fcgi?id=hanifbr01&t=b&year=
83,tyler holton,87,6/13/1996,holtoty,https://www.baseball-reference.com/players/gl.fcgi?id=holtoty01&t=b&year=
84,brant hurter,48,9/6/1998,hurtebr,https://www.baseball-reference.com/players/gl.fcgi?id=hurtebr01&t=b&year=
85,kenta maeda,18,4/11/1988,maedake,https://www.baseball-reference.com/players/gl.fcgi?id=maedake01&t=b&year=
86,shelby miller,7,10/10/1990,millesh,https://www.baseball-reference.com/players/gl.fcgi?id=millesh01&t=b&year=
87,keider montero,54,7/6/2000,monteke,https://www.baseball-reference.com/players/gl.fcgi?id=monteke01&t=b&year=
88,bryan sammons,62,4/27/1995,sammobr,https://www.baseball-reference.com/players/gl.fcgi?id=sammobr01&t=b&year=
89,tarik skubal,29,11/20/1996,skubata,https://www.baseball-reference.com/players/gl.fcgi?id=skubata01&t=b&year=
90,will vest,19,6/6/1995,vestwi,https://www.baseball-reference.com/players/gl.fcgi?id=vestwi01&t=b&year=
91,joey wentz,43,10/6/1997,wentzjo,https://www.baseball-reference.com/players/gl.fcgi?id=wentzjo01&t=b&year=
92,dillon dingler,38,9/17/1998,dingldi,https://www.baseball-reference.com/players/gl.fcgi?id=dingldi01&t=b&year=
93,jake rogers,34,4/18/1995,rogerja,https://www.baseball-reference.com/players/gl.fcgi?id=rogerja01&t=b&year=
94,javier baez,28,12/1/1992,baezja,https://www.baseball-reference.com/players/gl.fcgi?id=baezja01&t=b&year=
95,andy ibanez,77,4/3/1993,ibanean,https://www.baseball-reference.com/players/gl.fcgi?id=ibanean01&t=b&year=
96,colt keith,33,8/14/2001,keithco,https://www.baseball-reference.com/players/gl.fcgi?id=keithco01&t=b&year=
97,zach mckinstry,39,4/29/1995,mckinza,https://www.baseball-reference.com/players/gl.fcgi?id=mckinza01&t=b&year=
98,gio urshela,13,10/11/1991,urshegi,https://www.baseball-reference.com/players/gl.fcgi?id=urshegi01&t=b&year=
99,matt vierling,8,9/16/1996,vierlma,https://www.baseball-reference.com/players/gl.fcgi?id=vierlma01&t=b&year=
100,bligh madris,40,2/29/1996,madribl,https://www.baseball-reference.com/players/gl.fcgi?id=madribl01&t=b&year=
101,justynhenry malloy,44,2/19/2000,malloju,https://www.baseball-reference.com/players/gl.fcgi?id=malloju01&t=b&year=
102,parker meadows,22,11/2/1999,meadopa,https://www.baseball-reference.com/players/gl.fcgi?id=meadopa01&t=b&year=
103,wenceel perez,46,10/30/1999,perezwe,https://www.baseball-reference.com/players/gl.fcgi?id=perezwe01&t=b&year=
104,ryan vilade,50,2/18/1999,viladry,https://www.baseball-reference.com/players/gl.fcgi?id=viladry01&t=b&year=
105,kris bubic,50,8/19/1997,bubickr,https://www.baseball-reference.com/players/gl.fcgi?id=bubickr01&t=b&year=
106,lucas erceg,60,5/1/1995,erceglu,https://www.baseball-reference.com/players/gl.fcgi?id=erceglu01&t=b&year=
107,hunter harvey,56,12/9/1994,harvehu,https://www.baseball-reference.com/players/gl.fcgi?id=harvehu01&t=b&year=
108,sam long,73,7/8/1995,longsa,https://www.baseball-reference.com/players/gl.fcgi?id=longsa01&t=b&year=
109,michael lorenzen,24,1/4/1992,lorenmi,https://www.baseball-reference.com/players/gl.fcgi?id=lorenmi01&t=b&year=
110,seth lugo,67,11/17/1989,lugose,https://www.baseball-reference.com/players/gl.fcgi?id=lugose01&t=b&year=
111,james mcarthur,66,12/11/1996,mcartja,https://www.baseball-reference.com/players/gl.fcgi?id=mcartja01&t=b&year=
112,cole ragans,55,12/12/1997,raganco,https://www.baseball-reference.com/players/gl.fcgi?id=raganco01&t=b&year=
113,brady singer,51,8/4/1996,singebr,https://www.baseball-reference.com/players/gl.fcgi?id=singebr01&t=b&year=
114,will smith,31,7/10/1989,smithwi,https://www.baseball-reference.com/players/gl.fcgi?id=smithwi01&t=b&year=
115,chris stratton,35,8/22/1990,stratch,https://www.baseball-reference.com/players/gl.fcgi?id=stratch01&t=b&year=
116,michael wacha,52,7/1/1991,wachami,https://www.baseball-reference.com/players/gl.fcgi?id=wachami01&t=b&year=
117,angel zerpa,61,9/27/1999,zerpaan,https://www.baseball-reference.com/players/gl.fcgi?id=zerpaan01&t=b&year=
118,freddy fermin,34,5/16/1995,fermifr,https://www.baseball-reference.com/players/gl.fcgi?id=fermifr01&t=b&year=
119,salvador perez,13,5/10/1990,perezsa,https://www.baseball-reference.com/players/gl.fcgi?id=perezsa01&t=b&year=
120,paul dejong,15,8/2/1993,dejonpa,https://www.baseball-reference.com/players/gl.fcgi?id=dejonpa01&t=b&year=
121,adam frazier,26,12/14/1991,fraziad,https://www.baseball-reference.com/players/gl.fcgi?id=fraziad01&t=b&year=
122,maikel garcia,11,3/3/2000,garcima,https://www.baseball-reference.com/players/gl.fcgi?id=garcima01&t=b&year=
123,michael massey,19,3/22/1998,massemi,https://www.baseball-reference.com/players/gl.fcgi?id=massemi01&t=b&year=
124,vinnie pasquantino,9,10/10/1997,pasquvi,https://www.baseball-reference.com/players/gl.fcgi?id=pasquvi01&t=b&year=
125,bobby witt jr.,7,6/14/2000,wittbo,https://www.baseball-reference.com/players/gl.fcgi?id=wittbo01&t=b&year=
126,dairon blanco,44,4/26/1993,blancda,https://www.baseball-reference.com/players/gl.fcgi?id=blancda01&t=b&year=
127,garrett hampson,2,10/10/1994,hampsga,https://www.baseball-reference.com/players/gl.fcgi?id=hampsga01&t=b&year=
128,kyle isbel,28,3/3/1997,isbelky,https://www.baseball-reference.com/players/gl.fcgi?id=isbelky01&t=b&year=
129,mj melendez,1,11/29/1998,melenmj,https://www.baseball-reference.com/players/gl.fcgi?id=melenmj01&t=b&year=
130,hunter renfroe,16,1/28/1992,renfrhu,https://www.baseball-reference.com/players/gl.fcgi?id=renfrhu01&t=b&year=
131,jorge alcala,66,7/28/1995,alcaljo,https://www.baseball-reference.com/players/gl.fcgi?id=alcaljo01&t=b&year=
132,randy dobnak,68,1/17/1995,dobnara,https://www.baseball-reference.com/players/gl.fcgi?id=dobnara01&t=b&year=
133,jhoan duran,59,1/8/1998,duranjh,https://www.baseball-reference.com/players/gl.fcgi?id=duranjh01&t=b&year=
134,david festa,58,3/8/2000,festada,https://www.baseball-reference.com/players/gl.fcgi?id=festada01&t=b&year=
135,griffin jax,22,11/22/1994,jaxgr,https://www.baseball-reference.com/players/gl.fcgi?id=jaxgr01&t=b&year=
136,pablo lopez,49,3/7/1996,lopezpa,https://www.baseball-reference.com/players/gl.fcgi?id=lopezpa01&t=b&year=
137,bailey ober,17,7/12/1995,oberba,https://www.baseball-reference.com/players/gl.fcgi?id=oberba01&t=b&year=
138,trevor richards,32,5/15/1993,richatr,https://www.baseball-reference.com/players/gl.fcgi?id=richatr01&t=b&year=
139,joe ryan,41,6/5/1996,ryanjo,https://www.baseball-reference.com/players/gl.fcgi?id=ryanjo01&t=b&year=
140,cole sands,44,7/17/1997,sandsco,https://www.baseball-reference.com/players/gl.fcgi?id=sandsco01&t=b&year=
141,caleb thielbar,56,1/31/1987,thielca,https://www.baseball-reference.com/players/gl.fcgi?id=thielca01&t=b&year=
142,josh winder,74,10/11/1996,windejo,https://www.baseball-reference.com/players/gl.fcgi?id=windejo01&t=b&year=
143,simeon woods richardson,78,9/27/2000,woodssi,https://www.baseball-reference.com/players/gl.fcgi?id=woodssi01&t=b&year=
144,ryan jeffers,27,6/3/1997,jeffery,https://www.baseball-reference.com/players/gl.fcgi?id=jeffery01&t=b&year=
145,christian vazquez,8,8/21/1990,vazquch,https://www.baseball-reference.com/players/gl.fcgi?id=vazquch01&t=b&year=
146,willi castro,50,4/24/1997,castrwi,https://www.baseball-reference.com/players/gl.fcgi?id=castrwi01&t=b&year=
147,brooks lee,72,2/14/2001,leebr,https://www.baseball-reference.com/players/gl.fcgi?id=leebr01&t=b&year=
148,royce lewis,23,6/5/1999,lewisro,https://www.baseball-reference.com/players/gl.fcgi?id=lewisro01&t=b&year=
149,jose miranda,64,6/29/1998,miranjo,https://www.baseball-reference.com/players/gl.fcgi?id=miranjo01&t=b&year=
150,carlos santana,30,4/8/1986,santaca,https://www.baseball-reference.com/players/gl.fcgi?id=santaca01&t=b&year=
151,byron buxton,25,12/18/1993,buxtoby,https://www.baseball-reference.com/players/gl.fcgi?id=buxtoby01&t=b&year=
152,max kepler,26,2/10/1993,keplema,https://www.baseball-reference.com/players/gl.fcgi?id=keplema01&t=b&year=
153,trevor larnach,9,2/26/1997,larnatr,https://www.baseball-reference.com/players/gl.fcgi?id=larnatr01&t=b&year=
154,manuel margot,13,9/28/1994,margoma,https://www.baseball-reference.com/players/gl.fcgi?id=margoma01&t=b&year=
155,austin martin,82,3/23/1999,martiau,https://www.baseball-reference.com/players/gl.fcgi?id=martiau01&t=b&year=
156,matt wallner,38,12/12/1997,wallnma,https://www.baseball-reference.com/players/gl.fcgi?id=wallnma01&t=b&year=
157,keegan akin,45,4/1/1995,akinke,https://www.baseball-reference.com/players/gl.fcgi?id=akinke01&t=b&year=
158,bryan baker,43,12/2/1994,bakerbr,https://www.baseball-reference.com/players/gl.fcgi?id=bakerbr01&t=b&year=
159,corbin burnes,39,10/22/1994,burneco,https://www.baseball-reference.com/players/gl.fcgi?id=burneco01&t=b&year=
160,yennier cano,78,3/9/1994,canoye,https://www.baseball-reference.com/players/gl.fcgi?id=canoye01&t=b&year=
161,seranthony dominguez,56,11/25/1994,dominse,https://www.baseball-reference.com/players/gl.fcgi?id=dominse01&t=b&year=
162,zach eflin,24,4/8/1994,eflinza,https://www.baseball-reference.com/players/gl.fcgi?id=eflinza01&t=b&year=
163,craig kimbrel,46,5/28/1988,kimbrcr,https://www.baseball-reference.com/players/gl.fcgi?id=kimbrcr01&t=b&year=
164,dean kremer,64,1/7/1996,kremede,https://www.baseball-reference.com/players/gl.fcgi?id=kremede01&t=b&year=
165,cionel perez,58,4/21/1996,perezci,https://www.baseball-reference.com/players/gl.fcgi?id=perezci01&t=b&year=
166,trevor rogers,28,11/13/1997,rogertr,https://www.baseball-reference.com/players/gl.fcgi?id=rogertr01&t=b&year=
167,burch smith,40,4/12/1990,smithbu,https://www.baseball-reference.com/players/gl.fcgi?id=smithbu01&t=b&year=
168,gregory soto,65,2/11/1995,sotogr,https://www.baseball-reference.com/players/gl.fcgi?id=sotogr01&t=b&year=
169,albert suarez,49,10/8/1989,suareal,https://www.baseball-reference.com/players/gl.fcgi?id=suareal01&t=b&year=
170,james mccann,27,6/13/1990,mccanja,https://www.baseball-reference.com/players/gl.fcgi?id=mccanja01&t=b&year=
171,adley rutschman,35,2/6/1998,rutscad,https://www.baseball-reference.com/players/gl.fcgi?id=rutscad01&t=b&year=
172,gunnar henderson,2,6/29/2001,hendegu,https://www.baseball-reference.com/players/gl.fcgi?id=hendegu01&t=b&year=
173,jackson holliday,7,12/4/2003,hollija,https://www.baseball-reference.com/players/gl.fcgi?id=hollija01&t=b&year=
174,coby mayo,16,12/10/2001,mayoco,https://www.baseball-reference.com/players/gl.fcgi?id=mayoco01&t=b&year=
175,ryan mountcastle,6,2/18/1997,mountry,https://www.baseball-reference.com/players/gl.fcgi?id=mountry01&t=b&year=
176,ryan o&#x27;hearn,32,7/26/1993,o&#x2ry,https://www.baseball-reference.com/players/gl.fcgi?id=o&#x2ry01&t=b&year=
177,ramon urias,29,6/3/1994,uriasra,https://www.baseball-reference.com/players/gl.fcgi?id=uriasra01&t=b&year=
178,colton cowser,17,3/20/2000,cowseco,https://www.baseball-reference.com/players/gl.fcgi?id=cowseco01&t=b&year=
179,cedric mullins,31,10/1/1994,mullice,https://www.baseball-reference.com/players/gl.fcgi?id=mullice01&t=b&year=
180,anthony santander,25,10/19/1994,santaan,https://www.baseball-reference.com/players/gl.fcgi?id=santaan01&t=b&year=
181,austin slater,15,12/13/1992,slateau,https://www.baseball-reference.com/players/gl.fcgi?id=slateau01&t=b&year=
182,eloy jimenez,72,11/27/1996,jimenel,https://www.baseball-reference.com/players/gl.fcgi?id=jimenel01&t=b&year=
183,brayan bello,66,5/17/1999,bellobr,https://www.baseball-reference.com/players/gl.fcgi?id=bellobr01&t=b&year=
184,brennan bernardino,83,1/15/1992,bernabr,https://www.baseball-reference.com/players/gl.fcgi?id=bernabr01&t=b&year=
185,kutter crawford,50,4/1/1996,crawfku,https://www.baseball-reference.com/players/gl.fcgi?id=crawfku01&t=b&year=
186,cooper criswell,64,7/24/1996,criswco,https://www.baseball-reference.com/players/gl.fcgi?id=criswco01&t=b&year=
187,luis garcia,40,1/30/1987,garcilu,https://www.baseball-reference.com/players/gl.fcgi?id=garcilu01&t=b&year=
188,tanner houck,89,6/29/1996,houckta,https://www.baseball-reference.com/players/gl.fcgi?id=houckta01&t=b&year=
189,kenley jansen,74,9/30/1987,janseke,https://www.baseball-reference.com/players/gl.fcgi?id=janseke01&t=b&year=
190,zack kelly,76,3/3/1995,kellyza,https://www.baseball-reference.com/players/gl.fcgi?id=kellyza01&t=b&year=
191,chris martin,55,6/2/1986,martich,https://www.baseball-reference.com/players/gl.fcgi?id=martich01&t=b&year=
192,james paxton,65,11/6/1988,paxtoja,https://www.baseball-reference.com/players/gl.fcgi?id=paxtoja01&t=b&year=
193,nick pivetta,37,2/14/1993,pivetni,https://www.baseball-reference.com/players/gl.fcgi?id=pivetni01&t=b&year=
194,lucas sims,39,5/10/1994,simslu,https://www.baseball-reference.com/players/gl.fcgi?id=simslu01&t=b&year=
195,josh winckowski,25,6/28/1998,winckjo,https://www.baseball-reference.com/players/gl.fcgi?id=winckjo01&t=b&year=
196,danny jansen,28,4/15/1995,janseda,https://www.baseball-reference.com/players/gl.fcgi?id=janseda01&t=b&year=
197,connor wong,12,5/19/1996,wongco,https://www.baseball-reference.com/players/gl.fcgi?id=wongco01&t=b&year=
198,rafael devers,11,10/24/1996,deverra,https://www.baseball-reference.com/players/gl.fcgi?id=deverra01&t=b&year=
199,romy gonzalez,23,9/6/1996,gonzaro,https://www.baseball-reference.com/players/gl.fcgi?id=gonzaro01&t=b&year=
200,david hamilton,70,9/29/1997,hamilda,https://www.baseball-reference.com/players/gl.fcgi?id=hamilda01&t=b&year=
201,dominic smith,2,6/15/1995,smithdo,https://www.baseball-reference.com/players/gl.fcgi?id=smithdo01&t=b&year=
202,nick sogard,75,9/9/1997,sogarni,https://www.baseball-reference.com/players/gl.fcgi?id=sogarni01&t=b&year=
203,enmanuel valdez,47,12/28/1998,valdeen,https://www.baseball-reference.com/players/gl.fcgi?id=valdeen01&t=b&year=
204,wilyer abreu,52,6/24/1999,abreuwi,https://www.baseball-reference.com/players/gl.fcgi?id=abreuwi01&t=b&year=
205,jarren duran,16,9/5/1996,duranja,https://www.baseball-reference.com/players/gl.fcgi?id=duranja01&t=b&year=
206,ceddanne rafaela,43,9/18/2000,rafaece,https://www.baseball-reference.com/players/gl.fcgi?id=rafaece01&t=b&year=
207,rob refsnyder,30,3/26/1991,refsnro,https://www.baseball-reference.com/players/gl.fcgi?id=refsnro01&t=b&year=
208,masataka yoshida,7,7/15/1993,yoshima,https://www.baseball-reference.com/players/gl.fcgi?id=yoshima01&t=b&year=
209,gerrit cole,45,9/8/1990,colege,https://www.baseball-reference.com/players/gl.fcgi?id=colege01&t=b&year=
210,nestor cortes,65,12/10/1994,cortene,https://www.baseball-reference.com/players/gl.fcgi?id=cortene01&t=b&year=
211,jake cousins,61,7/14/1994,cousija,https://www.baseball-reference.com/players/gl.fcgi?id=cousija01&t=b&year=
212,enyel de los santos,62,12/25/1995,deen,https://www.baseball-reference.com/players/gl.fcgi?id=deen01&t=b&year=
213,luis gil,81,6/3/1998,gillu,https://www.baseball-reference.com/players/gl.fcgi?id=gillu01&t=b&year=
214,tim hill,54,2/10/1990,hillti,https://www.baseball-reference.com/players/gl.fcgi?id=hillti01&t=b&year=
215,clay holmes,35,3/27/1993,holmecl,https://www.baseball-reference.com/players/gl.fcgi?id=holmecl01&t=b&year=
216,tommy kahnle,41,8/7/1989,kahnlto,https://www.baseball-reference.com/players/gl.fcgi?id=kahnlto01&t=b&year=
217,mark leiter jr.,38,3/13/1991,leitema,https://www.baseball-reference.com/players/gl.fcgi?id=leitema01&t=b&year=
218,carlos rodon,55,12/10/1992,rodonca,https://www.baseball-reference.com/players/gl.fcgi?id=rodonca01&t=b&year=
219,marcus stroman,0,5/1/1991,stromma,https://www.baseball-reference.com/players/gl.fcgi?id=stromma01&t=b&year=
220,michael tonkin,50,11/19/1989,tonkimi,https://www.baseball-reference.com/players/gl.fcgi?id=tonkimi01&t=b&year=
221,will warren,98,6/16/1999,warrewi,https://www.baseball-reference.com/players/gl.fcgi?id=warrewi01&t=b&year=
222,luke weaver,30,8/21/1993,weavelu,https://www.baseball-reference.com/players/gl.fcgi?id=weavelu01&t=b&year=
223,carlos narvaez,94,11/26/1998,narvaca,https://www.baseball-reference.com/players/gl.fcgi?id=narvaca01&t=b&year=
224,austin wells,28,7/12/1999,wellsau,https://www.baseball-reference.com/players/gl.fcgi?id=wellsau01&t=b&year=
225,oswaldo cabrera,95,3/1/1999,cabreos,https://www.baseball-reference.com/players/gl.fcgi?id=cabreos01&t=b&year=
226,jazz chisholm jr.,13,2/1/1998,chishja,https://www.baseball-reference.com/players/gl.fcgi?id=chishja01&t=b&year=
227,dj lemahieu,26,7/13/1988,lemahdj,https://www.baseball-reference.com/players/gl.fcgi?id=lemahdj01&t=b&year=
228,ben rice,93,2/22/1999,ricebe,https://www.baseball-reference.com/players/gl.fcgi?id=ricebe01&t=b&year=
229,gleyber torres,25,12/13/1996,torregl,https://www.baseball-reference.com/players/gl.fcgi?id=torregl01&t=b&year=
230,anthony volpe,11,4/28/2001,volpean,https://www.baseball-reference.com/players/gl.fcgi?id=volpean01&t=b&year=
231,trent grisham,12,11/1/1996,grishtr,https://www.baseball-reference.com/players/gl.fcgi?id=grishtr01&t=b&year=
232,aaron judge,99,4/26/1992,judgeaa,https://www.baseball-reference.com/players/gl.fcgi?id=judgeaa01&t=b&year=
233,juan soto,22,10/25/1998,sotoju,https://www.baseball-reference.com/players/gl.fcgi?id=sotoju01&t=b&year=
234,alex verdugo,24,5/15/1996,verdual,https://www.baseball-reference.com/players/gl.fcgi?id=verdual01&t=b&year=
235,giancarlo stanton,27,11/8/1989,stantgi,https://www.baseball-reference.com/players/gl.fcgi?id=stantgi01&t=b&year=
236,tyler alexander,14,7/14/1994,alexaty,https://www.baseball-reference.com/players/gl.fcgi?id=alexaty01&t=b&year=
237,shane baz,11,6/17/1999,bazsh,https://www.baseball-reference.com/players/gl.fcgi?id=bazsh01&t=b&year=
238,hunter bigge,43,6/12/1998,biggehu,https://www.baseball-reference.com/players/gl.fcgi?id=biggehu01&t=b&year=
239,taj bradley,45,3/20/2001,bradlta,https://www.baseball-reference.com/players/gl.fcgi?id=bradlta01&t=b&year=
240,garrett cleavinger,60,4/23/1994,cleavga,https://www.baseball-reference.com/players/gl.fcgi?id=cleavga01&t=b&year=
241,pete fairbanks,29,12/16/1993,fairbpe,https://www.baseball-reference.com/players/gl.fcgi?id=fairbpe01&t=b&year=
242,kevin kelly,49,11/28/1997,kellyke,https://www.baseball-reference.com/players/gl.fcgi?id=kellyke01&t=b&year=
243,zack littell,52,10/5/1995,litteza,https://www.baseball-reference.com/players/gl.fcgi?id=litteza01&t=b&year=
244,colin poche,38,1/17/1994,pocheco,https://www.baseball-reference.com/players/gl.fcgi?id=pocheco01&t=b&year=
245,drew rasmussen,57,7/27/1995,rasmudr,https://www.baseball-reference.com/players/gl.fcgi?id=rasmudr01&t=b&year=
246,manuel rodriguez,39,8/6/1996,rodrima,https://www.baseball-reference.com/players/gl.fcgi?id=rodrima01&t=b&year=
247,jeffrey springs,59,9/20/1992,sprinje,https://www.baseball-reference.com/players/gl.fcgi?id=sprinje01&t=b&year=
248,edwin uceta,63,1/9/1998,ucetaed,https://www.baseball-reference.com/players/gl.fcgi?id=ucetaed01&t=b&year=
249,alex jackson,28,12/25/1995,jacksal,https://www.baseball-reference.com/players/gl.fcgi?id=jacksal01&t=b&year=
250,ben rortvedt,30,9/25/1997,rortvbe,https://www.baseball-reference.com/players/gl.fcgi?id=rortvbe01&t=b&year=
251,jose caballero,7,8/30/1996,cabaljo,https://www.baseball-reference.com/players/gl.fcgi?id=cabaljo01&t=b&year=
252,yandy diaz,2,8/8/1991,diazya,https://www.baseball-reference.com/players/gl.fcgi?id=diazya01&t=b&year=
253,brandon lowe,8,7/6/1994,lowebr,https://www.baseball-reference.com/players/gl.fcgi?id=lowebr01&t=b&year=
254,curtis mead,25,10/26/2000,meadcu,https://www.baseball-reference.com/players/gl.fcgi?id=meadcu01&t=b&year=
255,christopher morel,24,6/24/1999,morelch,https://www.baseball-reference.com/players/gl.fcgi?id=morelch01&t=b&year=
256,taylor walls,6,7/10/1996,wallsta,https://www.baseball-reference.com/players/gl.fcgi?id=wallsta01&t=b&year=
257,dylan carlson,10,10/23/1998,carlsdy,https://www.baseball-reference.com/players/gl.fcgi?id=carlsdy01&t=b&year=
258,jonny deluca,21,7/10/1998,delucjo,https://www.baseball-reference.com/players/gl.fcgi?id=delucjo01&t=b&year=
259,josh lowe,15,2/2/1998,lowejo,https://www.baseball-reference.com/players/gl.fcgi?id=lowejo01&t=b&year=
260,kameron misner,26,1/8/1998,misneka,https://www.baseball-reference.com/players/gl.fcgi?id=misneka01&t=b&year=
261,jose siri,22,7/22/1995,sirijo,https://www.baseball-reference.com/players/gl.fcgi?id=sirijo01&t=b&year=
262,bryan abreu,52,4/22/1997,abreubr,https://www.baseball-reference.com/players/gl.fcgi?id=abreubr01&t=b&year=
263,spencer arrighetti,41,1/2/2000,arrigsp,https://www.baseball-reference.com/players/gl.fcgi?id=arrigsp01&t=b&year=
264,ronel blanco,56,8/31/1993,blancro,https://www.baseball-reference.com/players/gl.fcgi?id=blancro01&t=b&year=
265,hunter brown,58,8/29/1998,brownhu,https://www.baseball-reference.com/players/gl.fcgi?id=brownhu01&t=b&year=
266,shawn dubin,66,9/6/1995,dubinsh,https://www.baseball-reference.com/players/gl.fcgi?id=dubinsh01&t=b&year=
267,caleb ferguson,64,7/2/1996,ferguca,https://www.baseball-reference.com/players/gl.fcgi?id=ferguca01&t=b&year=
268,josh hader,71,4/7/1994,haderjo,https://www.baseball-reference.com/players/gl.fcgi?id=haderjo01&t=b&year=
269,yusei kikuchi,16,6/17/1991,kikucyu,https://www.baseball-reference.com/players/gl.fcgi?id=kikucyu01&t=b&year=
270,bryan king,74,11/5/1996,kingbr,https://www.baseball-reference.com/players/gl.fcgi?id=kingbr01&t=b&year=
271,kaleb ort,63,2/5/1992,ortka,https://www.baseball-reference.com/players/gl.fcgi?id=ortka01&t=b&year=
272,ryan pressly,55,12/15/1988,pressry,https://www.baseball-reference.com/players/gl.fcgi?id=pressry01&t=b&year=
273,tayler scott,50,6/1/1992,scottta,https://www.baseball-reference.com/players/gl.fcgi?id=scottta01&t=b&year=
274,framber valdez,59,11/19/1993,valdefr,https://www.baseball-reference.com/players/gl.fcgi?id=valdefr01&t=b&year=
275,victor caratini,17,8/17/1993,caratvi,https://www.baseball-reference.com/players/gl.fcgi?id=caratvi01&t=b&year=
276,yainer diaz,21,9/21/1998,diazya,https://www.baseball-reference.com/players/gl.fcgi?id=diazya01&t=b&year=
277,jose altuve,27,5/6/1990,altuvjo,https://www.baseball-reference.com/players/gl.fcgi?id=altuvjo01&t=b&year=
278,alex bregman,2,3/30/1994,bregmal,https://www.baseball-reference.com/players/gl.fcgi?id=bregmal01&t=b&year=
279,zach dezenzo,9,5/11/2000,dezenza,https://www.baseball-reference.com/players/gl.fcgi?id=dezenza01&t=b&year=
280,aledmys diaz,12,8/1/1990,diazal,https://www.baseball-reference.com/players/gl.fcgi?id=diazal01&t=b&year=
281,jeremy pena,3,9/22/1997,penaje,https://www.baseball-reference.com/players/gl.fcgi?id=penaje01&t=b&year=
282,jon singleton,28,9/18/1991,singljo,https://www.baseball-reference.com/players/gl.fcgi?id=singljo01&t=b&year=
283,yordan alvarez,44,6/27/1997,alvaryo,https://www.baseball-reference.com/players/gl.fcgi?id=alvaryo01&t=b&year=
284,mauricio dubon,14,7/19/1994,dubonma,https://www.baseball-reference.com/players/gl.fcgi?id=dubonma01&t=b&year=
285,pedro leon,4,5/28/1998,leonpe,https://www.baseball-reference.com/players/gl.fcgi?id=leonpe01&t=b&year=
286,chas mccormick,20,4/19/1995,mccorch,https://www.baseball-reference.com/players/gl.fcgi?id=mccorch01&t=b&year=
287,jake meyers,6,6/18/1996,meyerja,https://www.baseball-reference.com/players/gl.fcgi?id=meyerja01&t=b&year=
288,tyler anderson,31,12/30/1989,anderty,https://www.baseball-reference.com/players/gl.fcgi?id=anderty01&t=b&year=
289,mike baumann,53,9/10/1995,baumami,https://www.baseball-reference.com/players/gl.fcgi?id=baumami01&t=b&year=
290,griffin canning,47,5/11/1996,cannigr,https://www.baseball-reference.com/players/gl.fcgi?id=cannigr01&t=b&year=
291,roansy contreras,57,11/7/1999,contrro,https://www.baseball-reference.com/players/gl.fcgi?id=contrro01&t=b&year=
292,hans crouse,52,9/15/1998,crousha,https://www.baseball-reference.com/players/gl.fcgi?id=crousha01&t=b&year=
293,davis daniel,58,6/11/1997,danieda,https://www.baseball-reference.com/players/gl.fcgi?id=danieda01&t=b&year=
294,carson fulmer,41,12/13/1993,fulmeca,https://www.baseball-reference.com/players/gl.fcgi?id=fulmeca01&t=b&year=
295,ben joyce,44,9/17/2000,joycebe,https://www.baseball-reference.com/players/gl.fcgi?id=joycebe01&t=b&year=
296,jack kochanowicz,64,12/22/2000,kochaja,https://www.baseball-reference.com/players/gl.fcgi?id=kochaja01&t=b&year=
297,jose marte,68,6/14/1996,martejo,https://www.baseball-reference.com/players/gl.fcgi?id=martejo01&t=b&year=
298,matt moore,55,6/18/1989,moorema,https://www.baseball-reference.com/players/gl.fcgi?id=moorema01&t=b&year=
299,jose quijada,65,11/9/1995,quijajo,https://www.baseball-reference.com/players/gl.fcgi?id=quijajo01&t=b&year=
300,jose soriano,59,10/20/1998,soriajo,https://www.baseball-reference.com/players/gl.fcgi?id=soriajo01&t=b&year=
301,hunter strickland,61,9/24/1988,strichu,https://www.baseball-reference.com/players/gl.fcgi?id=strichu01&t=b&year=
302,logan o&#x27;hoppe,14,2/9/2000,o&#x2lo,https://www.baseball-reference.com/players/gl.fcgi?id=o&#x2lo01&t=b&year=
303,matt thaiss,21,5/6/1995,thaisma,https://www.baseball-reference.com/players/gl.fcgi?id=thaisma01&t=b&year=
304,willie calhoun,5,11/4/1994,calhowi,https://www.baseball-reference.com/players/gl.fcgi?id=calhowi01&t=b&year=
305,brandon drury,23,8/21/1992,drurybr,https://www.baseball-reference.com/players/gl.fcgi?id=drurybr01&t=b&year=
306,luis guillorme,15,9/27/1994,guilllu,https://www.baseball-reference.com/players/gl.fcgi?id=guilllu01&t=b&year=
307,charles leblanc,33,6/3/1996,leblach,https://www.baseball-reference.com/players/gl.fcgi?id=leblach01&t=b&year=
308,zach neto,9,1/31/2001,netoza,https://www.baseball-reference.com/players/gl.fcgi?id=netoza01&t=b&year=
309,anthony rendon,6,6/6/1990,rendoan,https://www.baseball-reference.com/players/gl.fcgi?id=rendoan01&t=b&year=
310,nolan schanuel,18,2/14/2002,schanno,https://www.baseball-reference.com/players/gl.fcgi?id=schanno01&t=b&year=
311,michael stefanic,38,2/24/1996,stefami,https://www.baseball-reference.com/players/gl.fcgi?id=stefami01&t=b&year=
312,jo adell,7,4/8/1999,adelljo,https://www.baseball-reference.com/players/gl.fcgi?id=adelljo01&t=b&year=
313,mickey moniak,16,5/13/1998,moniami,https://www.baseball-reference.com/players/gl.fcgi?id=moniami01&t=b&year=
314,kevin pillar,12,1/4/1989,pillake,https://www.baseball-reference.com/players/gl.fcgi?id=pillake01&t=b&year=
315,austin adams,29,5/5/1991,adamsau,https://www.baseball-reference.com/players/gl.fcgi?id=adamsau01&t=b&year=
316,scott alexander,54,7/10/1989,alexasc,https://www.baseball-reference.com/players/gl.fcgi?id=alexasc01&t=b&year=
317,osvaldo bido,45,10/18/1995,bidoos,https://www.baseball-reference.com/players/gl.fcgi?id=bidoos01&t=b&year=
318,joey estes,68,10/8/2001,estesjo,https://www.baseball-reference.com/players/gl.fcgi?id=estesjo01&t=b&year=
319,tyler ferguson,65,10/5/1993,ferguty,https://www.baseball-reference.com/players/gl.fcgi?id=ferguty01&t=b&year=
320,will klein,64,11/28/1999,kleinwi,https://www.baseball-reference.com/players/gl.fcgi?id=kleinwi01&t=b&year=
321,t.j. mcfarland,48,6/8/1989,mcfart.,https://www.baseball-reference.com/players/gl.fcgi?id=mcfart.01&t=b&year=
322,mason miller,19,8/24/1998,millema,https://www.baseball-reference.com/players/gl.fcgi?id=millema01&t=b&year=
323,kyle muller,39,10/7/1997,mulleky,https://www.baseball-reference.com/players/gl.fcgi?id=mulleky01&t=b&year=
324,michel otanez,47,7/3/1997,otanemi,https://www.baseball-reference.com/players/gl.fcgi?id=otanemi01&t=b&year=
325,jp sears,38,2/19/1996,searsjp,https://www.baseball-reference.com/players/gl.fcgi?id=searsjp01&t=b&year=
326,mitch spence,40,5/6/1998,spencmi,https://www.baseball-reference.com/players/gl.fcgi?id=spencmi01&t=b&year=
327,ross stripling,36,11/23/1989,stripro,https://www.baseball-reference.com/players/gl.fcgi?id=stripro01&t=b&year=
328,shea langeliers,23,11/18/1997,langesh,https://www.baseball-reference.com/players/gl.fcgi?id=langesh01&t=b&year=
329,kyle mccann,52,12/2/1997,mccanky,https://www.baseball-reference.com/players/gl.fcgi?id=mccanky01&t=b&year=
330,armando alvarez,50,7/14/1994,alvarar,https://www.baseball-reference.com/players/gl.fcgi?id=alvarar01&t=b&year=
331,zack gelof,20,10/19/1999,gelofza,https://www.baseball-reference.com/players/gl.fcgi?id=gelofza01&t=b&year=
332,darell hernaiz,2,8/3/2001,hernada,https://www.baseball-reference.com/players/gl.fcgi?id=hernada01&t=b&year=
333,tyler nevin,26,5/29/1997,nevinty,https://www.baseball-reference.com/players/gl.fcgi?id=nevinty01&t=b&year=
334,max schuemann,12,6/11/1997,schuema,https://www.baseball-reference.com/players/gl.fcgi?id=schuema01&t=b&year=
335,abraham toro,31,12/20/1996,toroab,https://www.baseball-reference.com/players/gl.fcgi?id=toroab01&t=b&year=
336,miguel andujar,22,3/2/1995,andujmi,https://www.baseball-reference.com/players/gl.fcgi?id=andujmi01&t=b&year=
337,jj bleday,33,11/10/1997,bledajj,https://www.baseball-reference.com/players/gl.fcgi?id=bledajj01&t=b&year=
338,lawrence butler,4,7/10/2000,butlela,https://www.baseball-reference.com/players/gl.fcgi?id=butlela01&t=b&year=
339,daz cameron,28,1/15/1997,camerda,https://www.baseball-reference.com/players/gl.fcgi?id=camerda01&t=b&year=
340,brent rooker,25,11/1/1994,rookebr,https://www.baseball-reference.com/players/gl.fcgi?id=rookebr01&t=b&year=
341,luis castillo,58,12/12/1992,castilu,https://www.baseball-reference.com/players/gl.fcgi?id=castilu01&t=b&year=
342,jt chargois,84,12/3/1990,chargjt,https://www.baseball-reference.com/players/gl.fcgi?id=chargjt01&t=b&year=
343,yimi garcia,93,8/18/1990,garciyi,https://www.baseball-reference.com/players/gl.fcgi?id=garciyi01&t=b&year=
344,logan gilbert,36,5/5/1997,gilbelo,https://www.baseball-reference.com/players/gl.fcgi?id=gilbelo01&t=b&year=
345,jonathan hernandez,72,7/6/1996,hernajo,https://www.baseball-reference.com/players/gl.fcgi?id=hernajo01&t=b&year=
346,george kirby,68,2/4/1998,kirbyge,https://www.baseball-reference.com/players/gl.fcgi?id=kirbyge01&t=b&year=
347,bryce miller,50,8/23/1998,millebr,https://www.baseball-reference.com/players/gl.fcgi?id=millebr01&t=b&year=
348,andres munoz,75,1/16/1999,munozan,https://www.baseball-reference.com/players/gl.fcgi?id=munozan01&t=b&year=
349,tayler saucedo,60,6/18/1993,sauceta,https://www.baseball-reference.com/players/gl.fcgi?id=sauceta01&t=b&year=
350,collin snider,52,10/10/1995,snideco,https://www.baseball-reference.com/players/gl.fcgi?id=snideco01&t=b&year=
351,trent thornton,46,9/30/1993,thorntr,https://www.baseball-reference.com/players/gl.fcgi?id=thorntr01&t=b&year=
352,austin voth,30,6/26/1992,vothau,https://www.baseball-reference.com/players/gl.fcgi?id=vothau01&t=b&year=
353,bryan woo,22,1/30/2000,woobr,https://www.baseball-reference.com/players/gl.fcgi?id=woobr01&t=b&year=
354,cal raleigh,29,11/26/1996,raleica,https://www.baseball-reference.com/players/gl.fcgi?id=raleica01&t=b&year=
355,dylan moore,25,8/2/1992,mooredy,https://www.baseball-reference.com/players/gl.fcgi?id=mooredy01&t=b&year=
356,jorge polanco,7,7/5/1993,polanjo,https://www.baseball-reference.com/players/gl.fcgi?id=polanjo01&t=b&year=
357,leo rivas,76,10/10/1997,rivasle,https://www.baseball-reference.com/players/gl.fcgi?id=rivasle01&t=b&year=
358,josh rojas,4,6/30/1994,rojasjo,https://www.baseball-reference.com/players/gl.fcgi?id=rojasjo01&t=b&year=
359,justin turner,2,11/23/1984,turneju,https://www.baseball-reference.com/players/gl.fcgi?id=turneju01&t=b&year=
360,jason vosler,35,9/6/1993,vosleja,https://www.baseball-reference.com/players/gl.fcgi?id=vosleja01&t=b&year=
361,randy arozarena,56,2/28/1995,arozara,https://www.baseball-reference.com/players/gl.fcgi?id=arozara01&t=b&year=
362,mitch haniger,17,12/23/1990,hanigmi,https://www.baseball-reference.com/players/gl.fcgi?id=hanigmi01&t=b&year=
363,cade marlowe,5,6/24/1997,marloca,https://www.baseball-reference.com/players/gl.fcgi?id=marloca01&t=b&year=
364,luke raley,20,9/19/1994,raleylu,https://www.baseball-reference.com/players/gl.fcgi?id=raleylu01&t=b&year=
365,victor robles,10,5/19/1997,roblevi,https://www.baseball-reference.com/players/gl.fcgi?id=roblevi01&t=b&year=
366,mitch garver,18,1/15/1991,garvemi,https://www.baseball-reference.com/players/gl.fcgi?id=garvemi01&t=b&year=
367,cody bradford,61,2/22/1998,bradfco,https://www.baseball-reference.com/players/gl.fcgi?id=bradfco01&t=b&year=
368,brock burke,46,8/4/1996,burkebr,https://www.baseball-reference.com/players/gl.fcgi?id=burkebr01&t=b&year=
369,andrew chafin,59,6/17/1990,chafian,https://www.baseball-reference.com/players/gl.fcgi?id=chafian01&t=b&year=
370,dane dunning,33,12/20/1994,dunnida,https://www.baseball-reference.com/players/gl.fcgi?id=dunnida01&t=b&year=
371,nathan eovaldi,17,2/13/1990,eovalna,https://www.baseball-reference.com/players/gl.fcgi?id=eovalna01&t=b&year=
372,gerson garabito,58,8/19/1995,garabge,https://www.baseball-reference.com/players/gl.fcgi?id=garabge01&t=b&year=
373,andrew heaney,44,6/5/1991,heanean,https://www.baseball-reference.com/players/gl.fcgi?id=heanean01&t=b&year=
374,jose leclerc,25,12/19/1993,leclejo,https://www.baseball-reference.com/players/gl.fcgi?id=leclejo01&t=b&year=
375,tyler mahle,51,9/29/1994,mahlety,https://www.baseball-reference.com/players/gl.fcgi?id=mahlety01&t=b&year=
376,david robertson,37,4/9/1985,roberda,https://www.baseball-reference.com/players/gl.fcgi?id=roberda01&t=b&year=
377,josh sborz,66,12/17/1993,sborzjo,https://www.baseball-reference.com/players/gl.fcgi?id=sborzjo01&t=b&year=
378,jose urena,54,9/12/1991,urenajo,https://www.baseball-reference.com/players/gl.fcgi?id=urenajo01&t=b&year=
379,kirby yates,39,3/25/1987,yateski,https://www.baseball-reference.com/players/gl.fcgi?id=yateski01&t=b&year=
380,jonah heim,28,6/27/1995,heimjo,https://www.baseball-reference.com/players/gl.fcgi?id=heimjo01&t=b&year=
381,carson kelly,18,7/14/1994,kellyca,https://www.baseball-reference.com/players/gl.fcgi?id=kellyca01&t=b&year=
382,ezequiel duran,20,5/22/1999,duranez,https://www.baseball-reference.com/players/gl.fcgi?id=duranez01&t=b&year=
383,josh jung,6,2/12/1998,jungjo,https://www.baseball-reference.com/players/gl.fcgi?id=jungjo01&t=b&year=
384,nathaniel lowe,30,7/7/1995,lowena,https://www.baseball-reference.com/players/gl.fcgi?id=lowena01&t=b&year=
385,corey seager,5,4/27/1994,seageco,https://www.baseball-reference.com/players/gl.fcgi?id=seageco01&t=b&year=
386,marcus semien,2,9/17/1990,semiema,https://www.baseball-reference.com/players/gl.fcgi?id=semiema01&t=b&year=
387,josh smith,8,8/7/1997,smithjo,https://www.baseball-reference.com/players/gl.fcgi?id=smithjo01&t=b&year=
388,adolis garcia,53,3/2/1993,garciad,https://www.baseball-reference.com/players/gl.fcgi?id=garciad01&t=b&year=
389,robbie grossman,4,9/16/1989,grossro,https://www.baseball-reference.com/players/gl.fcgi?id=grossro01&t=b&year=
390,travis jankowski,16,6/15/1991,jankotr,https://www.baseball-reference.com/players/gl.fcgi?id=jankotr01&t=b&year=
391,wyatt langford,36,11/15/2001,langfwy,https://www.baseball-reference.com/players/gl.fcgi?id=langfwy01&t=b&year=
392,leody taveras,3,9/8/1998,taverle,https://www.baseball-reference.com/players/gl.fcgi?id=taverle01&t=b&year=
393,javier assad,72,7/30/1997,assadja,https://www.baseball-reference.com/players/gl.fcgi?id=assadja01&t=b&year=
394,kyle hendricks,28,12/7/1989,hendrky,https://www.baseball-reference.com/players/gl.fcgi?id=hendrky01&t=b&year=
395,porter hodge,37,2/21/2001,hodgepo,https://www.baseball-reference.com/players/gl.fcgi?id=hodgepo01&t=b&year=
396,shota imanaga,18,9/1/1993,imanash,https://www.baseball-reference.com/players/gl.fcgi?id=imanash01&t=b&year=
397,jorge lopez,41,2/10/1993,lopezjo,https://www.baseball-reference.com/players/gl.fcgi?id=lopezjo01&t=b&year=
398,julian merryweather,66,10/14/1991,merryju,https://www.baseball-reference.com/players/gl.fcgi?id=merryju01&t=b&year=
399,tyson miller,49,7/29/1995,millety,https://www.baseball-reference.com/players/gl.fcgi?id=millety01&t=b&year=
400,hector neris,51,6/14/1989,nerishe,https://www.baseball-reference.com/players/gl.fcgi?id=nerishe01&t=b&year=
401,nate pearson,56,8/20/1996,pearsna,https://www.baseball-reference.com/players/gl.fcgi?id=pearsna01&t=b&year=
402,ethan roberts,39,7/4/1997,roberet,https://www.baseball-reference.com/players/gl.fcgi?id=roberet01&t=b&year=
403,drew smyly,11,6/13/1989,smylydr,https://www.baseball-reference.com/players/gl.fcgi?id=smylydr01&t=b&year=
404,justin steele,35,7/11/1995,steelju,https://www.baseball-reference.com/players/gl.fcgi?id=steelju01&t=b&year=
405,jameson taillon,50,11/18/1991,taillja,https://www.baseball-reference.com/players/gl.fcgi?id=taillja01&t=b&year=
406,miguel amaya,9,3/9/1999,amayami,https://www.baseball-reference.com/players/gl.fcgi?id=amayami01&t=b&year=
407,christian bethancourt,60,9/2/1991,bethach,https://www.baseball-reference.com/players/gl.fcgi?id=bethach01&t=b&year=
408,david bote,13,4/7/1993,boteda,https://www.baseball-reference.com/players/gl.fcgi?id=boteda01&t=b&year=
409,michael busch,29,11/9/1997,buschmi,https://www.baseball-reference.com/players/gl.fcgi?id=buschmi01&t=b&year=
410,nico hoerner,2,5/13/1997,hoernni,https://www.baseball-reference.com/players/gl.fcgi?id=hoernni01&t=b&year=
411,isaac paredes,17,2/18/1999,paredis,https://www.baseball-reference.com/players/gl.fcgi?id=paredis01&t=b&year=
412,dansby swanson,7,2/11/1994,swansda,https://www.baseball-reference.com/players/gl.fcgi?id=swansda01&t=b&year=
413,patrick wisdom,16,8/27/1991,wisdopa,https://www.baseball-reference.com/players/gl.fcgi?id=wisdopa01&t=b&year=
414,cody bellinger,24,7/13/1995,bellico,https://www.baseball-reference.com/players/gl.fcgi?id=bellico01&t=b&year=
415,pete crowarmstrong,52,3/25/2002,crowape,https://www.baseball-reference.com/players/gl.fcgi?id=crowape01&t=b&year=
416,ian happ,8,8/12/1994,happia,https://www.baseball-reference.com/players/gl.fcgi?id=happia01&t=b&year=
417,seiya suzuki,27,8/18/1994,suzukse,https://www.baseball-reference.com/players/gl.fcgi?id=suzukse01&t=b&year=
418,mike tauchman,40,12/3/1990,tauchmi,https://www.baseball-reference.com/players/gl.fcgi?id=tauchmi01&t=b&year=
419,andrew abbott,41,6/1/1999,abbotan,https://www.baseball-reference.com/players/gl.fcgi?id=abbotan01&t=b&year=
420,fernando cruz,63,3/28/1990,cruzfe,https://www.baseball-reference.com/players/gl.fcgi?id=cruzfe01&t=b&year=
421,alexis diaz,43,9/28/1996,diazal,https://www.baseball-reference.com/players/gl.fcgi?id=diazal01&t=b&year=
422,buck farmer,46,2/20/1991,farmebu,https://www.baseball-reference.com/players/gl.fcgi?id=farmebu01&t=b&year=
423,hunter greene,21,8/6/1999,greenhu,https://www.baseball-reference.com/players/gl.fcgi?id=greenhu01&t=b&year=
424,jakob junis,47,9/16/1992,junisja,https://www.baseball-reference.com/players/gl.fcgi?id=junisja01&t=b&year=
425,nick lodolo,40,2/5/1998,lodolni,https://www.baseball-reference.com/players/gl.fcgi?id=lodolni01&t=b&year=
426,nick martinez,28,8/5/1990,martini,https://www.baseball-reference.com/players/gl.fcgi?id=martini01&t=b&year=
427,sam moll,50,1/3/1992,mollsa,https://www.baseball-reference.com/players/gl.fcgi?id=mollsa01&t=b&year=
428,tony santillan,64,4/15/1997,santito,https://www.baseball-reference.com/players/gl.fcgi?id=santito01&t=b&year=
429,carson spiers,68,11/11/1997,spierca,https://www.baseball-reference.com/players/gl.fcgi?id=spierca01&t=b&year=
430,justin wilson,32,8/18/1987,wilsoju,https://www.baseball-reference.com/players/gl.fcgi?id=wilsoju01&t=b&year=
431,yosver zulueta,67,1/23/1998,zulueyo,https://www.baseball-reference.com/players/gl.fcgi?id=zulueyo01&t=b&year=
432,luke maile,22,2/6/1991,mailelu,https://www.baseball-reference.com/players/gl.fcgi?id=mailelu01&t=b&year=
433,tyler stephenson,37,8/16/1996,stephty,https://www.baseball-reference.com/players/gl.fcgi?id=stephty01&t=b&year=
434,jeimer candelario,3,11/24/1993,candeje,https://www.baseball-reference.com/players/gl.fcgi?id=candeje01&t=b&year=
435,elly de la cruz,44,1/11/2002,deel,https://www.baseball-reference.com/players/gl.fcgi?id=deel01&t=b&year=
436,santiago espinal,4,11/13/1994,espinsa,https://www.baseball-reference.com/players/gl.fcgi?id=espinsa01&t=b&year=
437,ty france,2,7/13/1994,francty,https://www.baseball-reference.com/players/gl.fcgi?id=francty01&t=b&year=
438,jonathan india,6,12/15/1996,indiajo,https://www.baseball-reference.com/players/gl.fcgi?id=indiajo01&t=b&year=
439,noelvi marte,16,10/16/2001,marteno,https://www.baseball-reference.com/players/gl.fcgi?id=marteno01&t=b&year=
440,will benson,30,6/16/1998,bensowi,https://www.baseball-reference.com/players/gl.fcgi?id=bensowi01&t=b&year=
441,stuart fairchild,17,3/17/1996,faircst,https://www.baseball-reference.com/players/gl.fcgi?id=faircst01&t=b&year=
442,jake fraley,27,5/25/1995,fraleja,https://www.baseball-reference.com/players/gl.fcgi?id=fraleja01&t=b&year=
443,tj friedl,29,8/14/1995,friedtj,https://www.baseball-reference.com/players/gl.fcgi?id=friedtj01&t=b&year=
444,spencer steer,7,12/7/1997,steersp,https://www.baseball-reference.com/players/gl.fcgi?id=steersp01&t=b&year=
445,aaron civale,32,6/12/1995,civalaa,https://www.baseball-reference.com/players/gl.fcgi?id=civalaa01&t=b&year=
446,jared koenig,35,1/24/1994,koenija,https://www.baseball-reference.com/players/gl.fcgi?id=koenija01&t=b&year=
447,nick mears,25,10/7/1996,mearsni,https://www.baseball-reference.com/players/gl.fcgi?id=mearsni01&t=b&year=
448,hoby milner,55,1/13/1991,milneho,https://www.baseball-reference.com/players/gl.fcgi?id=milneho01&t=b&year=
449,frankie montas,47,3/21/1993,montafr,https://www.baseball-reference.com/players/gl.fcgi?id=montafr01&t=b&year=
450,tobias myers,36,8/5/1998,myersto,https://www.baseball-reference.com/players/gl.fcgi?id=myersto01&t=b&year=
451,joel payamps,31,4/7/1994,payamjo,https://www.baseball-reference.com/players/gl.fcgi?id=payamjo01&t=b&year=
452,elvis peguero,59,3/20/1997,pegueel,https://www.baseball-reference.com/players/gl.fcgi?id=pegueel01&t=b&year=
453,freddy peralta,51,6/4/1996,peralfr,https://www.baseball-reference.com/players/gl.fcgi?id=peralfr01&t=b&year=
454,colin rea,48,7/1/1990,reaco,https://www.baseball-reference.com/players/gl.fcgi?id=reaco01&t=b&year=
455,joe ross,41,5/21/1993,rossjo,https://www.baseball-reference.com/players/gl.fcgi?id=rossjo01&t=b&year=
456,devin williams,38,9/21/1994,willide,https://www.baseball-reference.com/players/gl.fcgi?id=willide01&t=b&year=
457,bryse wilson,46,12/20/1997,wilsobr,https://www.baseball-reference.com/players/gl.fcgi?id=wilsobr01&t=b&year=
458,william contreras,24,12/24/1997,contrwi,https://www.baseball-reference.com/players/gl.fcgi?id=contrwi01&t=b&year=
459,eric haase,13,12/18/1992,haaseer,https://www.baseball-reference.com/players/gl.fcgi?id=haaseer01&t=b&year=
460,gary sanchez,99,12/2/1992,sanchga,https://www.baseball-reference.com/players/gl.fcgi?id=sanchga01&t=b&year=
461,willy adames,27,9/2/1995,adamewi,https://www.baseball-reference.com/players/gl.fcgi?id=adamewi01&t=b&year=
462,jake bauers,9,10/6/1995,bauerja,https://www.baseball-reference.com/players/gl.fcgi?id=bauerja01&t=b&year=
463,rhys hoskins,12,3/17/1993,hoskirh,https://www.baseball-reference.com/players/gl.fcgi?id=hoskirh01&t=b&year=
464,andruw monasterio,14,5/30/1997,monasan,https://www.baseball-reference.com/players/gl.fcgi?id=monasan01&t=b&year=
465,joey ortiz,3,7/14/1998,ortizjo,https://www.baseball-reference.com/players/gl.fcgi?id=ortizjo01&t=b&year=
466,brice turang,2,11/21/1999,turanbr,https://www.baseball-reference.com/players/gl.fcgi?id=turanbr01&t=b&year=
467,jackson chourio,11,3/11/2004,chourja,https://www.baseball-reference.com/players/gl.fcgi?id=chourja01&t=b&year=
468,sal frelick,10,4/19/2000,frelisa,https://www.baseball-reference.com/players/gl.fcgi?id=frelisa01&t=b&year=
469,garrett mitchell,5,9/4/1998,mitchga,https://www.baseball-reference.com/players/gl.fcgi?id=mitchga01&t=b&year=
470,blake perkins,16,9/10/1996,perkibl,https://www.baseball-reference.com/players/gl.fcgi?id=perkibl01&t=b&year=
471,david bednar,51,10/10/1994,bednada,https://www.baseball-reference.com/players/gl.fcgi?id=bednada01&t=b&year=
472,jalen beeks,68,7/10/1993,beeksja,https://www.baseball-reference.com/players/gl.fcgi?id=beeksja01&t=b&year=
473,aroldis chapman,45,2/28/1988,chapmar,https://www.baseball-reference.com/players/gl.fcgi?id=chapmar01&t=b&year=
474,bailey falter,26,4/24/1997,falteba,https://www.baseball-reference.com/players/gl.fcgi?id=falteba01&t=b&year=
475,marco gonzales,27,2/16/1992,gonzama,https://www.baseball-reference.com/players/gl.fcgi?id=gonzama01&t=b&year=
476,colin holderman,35,10/8/1995,holdeco,https://www.baseball-reference.com/players/gl.fcgi?id=holdeco01&t=b&year=
477,mitch keller,23,4/4/1996,kellemi,https://www.baseball-reference.com/players/gl.fcgi?id=kellemi01&t=b&year=
478,kyle nicolas,62,2/22/1999,nicolky,https://www.baseball-reference.com/players/gl.fcgi?id=nicolky01&t=b&year=
479,luis l. ortiz,48,1/27/1999,l.lu,https://www.baseball-reference.com/players/gl.fcgi?id=l.lu01&t=b&year=
480,dennis santana,60,4/12/1996,santade,https://www.baseball-reference.com/players/gl.fcgi?id=santade01&t=b&year=
481,paul skenes,30,5/29/2002,skenepa,https://www.baseball-reference.com/players/gl.fcgi?id=skenepa01&t=b&year=
482,hunter stratton,63,11/17/1996,strathu,https://www.baseball-reference.com/players/gl.fcgi?id=strathu01&t=b&year=
483,jake woodford,46,10/28/1996,woodfja,https://www.baseball-reference.com/players/gl.fcgi?id=woodfja01&t=b&year=
484,joey bart,14,12/15/1996,bartjo,https://www.baseball-reference.com/players/gl.fcgi?id=bartjo01&t=b&year=
485,yasmani grandal,6,11/8/1988,grandya,https://www.baseball-reference.com/players/gl.fcgi?id=grandya01&t=b&year=
486,oneil cruz,15,10/4/1998,cruzon,https://www.baseball-reference.com/players/gl.fcgi?id=cruzon01&t=b&year=
487,ke&#x27;bryan hayes,13,1/28/1997,hayeske,https://www.baseball-reference.com/players/gl.fcgi?id=hayeske01&t=b&year=
488,connor joe,2,8/16/1992,joeco,https://www.baseball-reference.com/players/gl.fcgi?id=joeco01&t=b&year=
489,isiah kinerfalefa,7,3/23/1995,kineris,https://www.baseball-reference.com/players/gl.fcgi?id=kineris01&t=b&year=
490,rowdy tellez,44,3/16/1995,tellero,https://www.baseball-reference.com/players/gl.fcgi?id=tellero01&t=b&year=
491,jared triolo,19,2/8/1998,triolja,https://www.baseball-reference.com/players/gl.fcgi?id=triolja01&t=b&year=
492,ji hwan bae,3,7/26/1999,hwanji,https://www.baseball-reference.com/players/gl.fcgi?id=hwanji01&t=b&year=
493,bryan de la cruz,41,12/16/1996,debr,https://www.baseball-reference.com/players/gl.fcgi?id=debr01&t=b&year=
494,andrew mccutchen,22,10/10/1986,mccutan,https://www.baseball-reference.com/players/gl.fcgi?id=mccutan01&t=b&year=
495,bryan reynolds,10,1/27/1995,reynobr,https://www.baseball-reference.com/players/gl.fcgi?id=reynobr01&t=b&year=
496,michael a. taylor,18,3/26/1991,a.mi,https://www.baseball-reference.com/players/gl.fcgi?id=a.mi01&t=b&year=
497,shawn armstrong,30,9/11/1990,armstsh,https://www.baseball-reference.com/players/gl.fcgi?id=armstsh01&t=b&year=
498,erick fedde,12,2/25/1993,feddeer,https://www.baseball-reference.com/players/gl.fcgi?id=feddeer01&t=b&year=
499,ryan fernandez,64,6/11/1998,fernary,https://www.baseball-reference.com/players/gl.fcgi?id=fernary01&t=b&year=
500,kyle gibson,44,10/23/1987,gibsoky,https://www.baseball-reference.com/players/gl.fcgi?id=gibsoky01&t=b&year=
501,sonny gray,54,11/7/1989,grayso,https://www.baseball-reference.com/players/gl.fcgi?id=grayso01&t=b&year=
502,ryan helsley,56,7/18/1994,helslry,https://www.baseball-reference.com/players/gl.fcgi?id=helslry01&t=b&year=
503,john king,47,9/14/1994,kingjo,https://www.baseball-reference.com/players/gl.fcgi?id=kingjo01&t=b&year=
504,andrew kittredge,27,3/17/1990,kittran,https://www.baseball-reference.com/players/gl.fcgi?id=kittran01&t=b&year=
505,kyle leahy,62,6/4/1997,leahyky,https://www.baseball-reference.com/players/gl.fcgi?id=leahyky01&t=b&year=
506,matthew liberatore,52,11/6/1999,liberma,https://www.baseball-reference.com/players/gl.fcgi?id=liberma01&t=b&year=
507,miles mikolas,39,8/23/1988,mikolmi,https://www.baseball-reference.com/players/gl.fcgi?id=mikolmi01&t=b&year=
508,andre pallante,53,9/18/1998,pallaan,https://www.baseball-reference.com/players/gl.fcgi?id=pallaan01&t=b&year=
509,jojo romero,59,9/9/1996,romerjo,https://www.baseball-reference.com/players/gl.fcgi?id=romerjo01&t=b&year=
510,willson contreras,40,5/13/1992,contrwi,https://www.baseball-reference.com/players/gl.fcgi?id=contrwi01&t=b&year=
511,pedro pages,43,9/17/1998,pagespe,https://www.baseball-reference.com/players/gl.fcgi?id=pagespe01&t=b&year=
512,nolan arenado,28,4/16/1991,arenano,https://www.baseball-reference.com/players/gl.fcgi?id=arenano01&t=b&year=
513,brandon crawford,35,1/21/1987,crawfbr,https://www.baseball-reference.com/players/gl.fcgi?id=crawfbr01&t=b&year=
514,paul goldschmidt,46,9/10/1987,goldspa,https://www.baseball-reference.com/players/gl.fcgi?id=goldspa01&t=b&year=
515,nolan gorman,16,5/10/2000,gormano,https://www.baseball-reference.com/players/gl.fcgi?id=gormano01&t=b&year=
516,masyn winn,0,3/21/2002,winnma,https://www.baseball-reference.com/players/gl.fcgi?id=winnma01&t=b&year=
517,alec burleson,41,11/25/1998,burleal,https://www.baseball-reference.com/players/gl.fcgi?id=burleal01&t=b&year=
518,brendan donovan,33,1/16/1997,donovbr,https://www.baseball-reference.com/players/gl.fcgi?id=donovbr01&t=b&year=
519,lars nootbaar,21,9/8/1997,nootbla,https://www.baseball-reference.com/players/gl.fcgi?id=nootbla01&t=b&year=
520,tommy pham,29,3/8/1988,phamto,https://www.baseball-reference.com/players/gl.fcgi?id=phamto01&t=b&year=
521,victor scott ii,11,2/12/2001,scottvi,https://www.baseball-reference.com/players/gl.fcgi?id=scottvi01&t=b&year=
522,matt carpenter,13,11/26/1985,carpema,https://www.baseball-reference.com/players/gl.fcgi?id=carpema01&t=b&year=
523,aaron bummer,49,9/21/1993,bummeaa,https://www.baseball-reference.com/players/gl.fcgi?id=bummeaa01&t=b&year=
524,jesse chavez,60,8/21/1983,chaveje,https://www.baseball-reference.com/players/gl.fcgi?id=chaveje01&t=b&year=
525,dylan dodd,46,6/6/1998,dodddy,https://www.baseball-reference.com/players/gl.fcgi?id=dodddy01&t=b&year=
526,max fried,54,1/18/1994,friedma,https://www.baseball-reference.com/players/gl.fcgi?id=friedma01&t=b&year=
527,grant holmes,66,3/22/1996,holmegr,https://www.baseball-reference.com/players/gl.fcgi?id=holmegr01&t=b&year=
528,raisel iglesias,26,1/4/1990,iglesra,https://www.baseball-reference.com/players/gl.fcgi?id=iglesra01&t=b&year=
529,luke jackson,22,8/24/1991,jackslu,https://www.baseball-reference.com/players/gl.fcgi?id=jackslu01&t=b&year=
530,joe jimenez,77,1/17/1995,jimenjo,https://www.baseball-reference.com/players/gl.fcgi?id=jimenjo01&t=b&year=
531,pierce johnson,38,5/10/1991,johnspi,https://www.baseball-reference.com/players/gl.fcgi?id=johnspi01&t=b&year=
532,a.j. minter,33,9/2/1993,mintea.,https://www.baseball-reference.com/players/gl.fcgi?id=mintea.01&t=b&year=
533,charlie morton,50,11/12/1983,mortoch,https://www.baseball-reference.com/players/gl.fcgi?id=mortoch01&t=b&year=
534,chris sale,51,3/30/1989,salech,https://www.baseball-reference.com/players/gl.fcgi?id=salech01&t=b&year=
535,spencer schwellenbach,56,5/31/2000,schwesp,https://www.baseball-reference.com/players/gl.fcgi?id=schwesp01&t=b&year=
536,travis d&#x27;arnaud,16,2/10/1989,d&#x2tr,https://www.baseball-reference.com/players/gl.fcgi?id=d&#x2tr01&t=b&year=
537,sean murphy,12,10/4/1994,murphse,https://www.baseball-reference.com/players/gl.fcgi?id=murphse01&t=b&year=
538,orlando arcia,11,8/4/1994,arciaor,https://www.baseball-reference.com/players/gl.fcgi?id=arciaor01&t=b&year=
539,matt olson,28,3/29/1994,olsonma,https://www.baseball-reference.com/players/gl.fcgi?id=olsonma01&t=b&year=
540,austin riley,27,4/2/1997,rileyau,https://www.baseball-reference.com/players/gl.fcgi?id=rileyau01&t=b&year=
541,adam duvall,14,9/4/1988,duvalad,https://www.baseball-reference.com/players/gl.fcgi?id=duvalad01&t=b&year=
542,jarred kelenic,24,7/16/1999,kelenja,https://www.baseball-reference.com/players/gl.fcgi?id=kelenja01&t=b&year=
543,ramon laureano,18,7/15/1994,laurera,https://www.baseball-reference.com/players/gl.fcgi?id=laurera01&t=b&year=
544,whit merrifield,15,1/24/1989,merriwh,https://www.baseball-reference.com/players/gl.fcgi?id=merriwh01&t=b&year=
545,eddie rosario,8,9/28/1991,rosared,https://www.baseball-reference.com/players/gl.fcgi?id=rosared01&t=b&year=
546,luke williams,65,8/9/1996,willilu,https://www.baseball-reference.com/players/gl.fcgi?id=willilu01&t=b&year=
547,marcell ozuna,20,11/12/1990,ozunama,https://www.baseball-reference.com/players/gl.fcgi?id=ozunama01&t=b&year=
548,jorge soler,2,2/25/1992,solerjo,https://www.baseball-reference.com/players/gl.fcgi?id=solerjo01&t=b&year=
549,valente bellozo,83,1/4/2000,bellova,https://www.baseball-reference.com/players/gl.fcgi?id=bellova01&t=b&year=
550,anthony bender,37,2/3/1995,bendean,https://www.baseball-reference.com/players/gl.fcgi?id=bendean01&t=b&year=
551,edward cabrera,27,4/13/1998,cabreed,https://www.baseball-reference.com/players/gl.fcgi?id=cabreed01&t=b&year=
552,declan cronin,51,9/24/1997,cronide,https://www.baseball-reference.com/players/gl.fcgi?id=cronide01&t=b&year=
553,calvin faucher,53,9/22/1995,fauchca,https://www.baseball-reference.com/players/gl.fcgi?id=fauchca01&t=b&year=
554,darren mccaughan,68,3/18/1996,mccauda,https://www.baseball-reference.com/players/gl.fcgi?id=mccauda01&t=b&year=
555,max meyer,23,3/12/1999,meyerma,https://www.baseball-reference.com/players/gl.fcgi?id=meyerma01&t=b&year=
556,roddery munoz,71,4/14/2000,munozro,https://www.baseball-reference.com/players/gl.fcgi?id=munozro01&t=b&year=
557,andrew nardi,43,8/18/1998,nardian,https://www.baseball-reference.com/players/gl.fcgi?id=nardian01&t=b&year=
558,emmanuel ramirez,67,7/15/1994,ramirem,https://www.baseball-reference.com/players/gl.fcgi?id=ramirem01&t=b&year=
559,george soriano,62,3/24/1999,soriage,https://www.baseball-reference.com/players/gl.fcgi?id=soriage01&t=b&year=
560,jesus tinoco,38,4/30/1995,tinocje,https://www.baseball-reference.com/players/gl.fcgi?id=tinocje01&t=b&year=
561,kyle tyler,73,12/27/1996,tylerky,https://www.baseball-reference.com/players/gl.fcgi?id=tylerky01&t=b&year=
562,jhonny pereda,89,4/18/1996,peredjh,https://www.baseball-reference.com/players/gl.fcgi?id=peredjh01&t=b&year=
563,ali sanchez,47,1/20/1997,sanchal,https://www.baseball-reference.com/players/gl.fcgi?id=sanchal01&t=b&year=
564,jonah bride,41,12/27/1995,bridejo,https://www.baseball-reference.com/players/gl.fcgi?id=bridejo01&t=b&year=
565,vidal brujan,17,2/9/1998,brujavi,https://www.baseball-reference.com/players/gl.fcgi?id=brujavi01&t=b&year=
566,jake burger,36,4/10/1996,burgeja,https://www.baseball-reference.com/players/gl.fcgi?id=burgeja01&t=b&year=
567,xavier edwards,63,8/9/1999,edwarxa,https://www.baseball-reference.com/players/gl.fcgi?id=edwarxa01&t=b&year=
568,david hensley,25,3/28/1996,henslda,https://www.baseball-reference.com/players/gl.fcgi?id=henslda01&t=b&year=
569,otto lopez,61,10/1/1998,lopezot,https://www.baseball-reference.com/players/gl.fcgi?id=lopezot01&t=b&year=
570,emmanuel rivera,15,6/29/1996,riverem,https://www.baseball-reference.com/players/gl.fcgi?id=riverem01&t=b&year=
571,derek hill,58,12/30/1995,hillde,https://www.baseball-reference.com/players/gl.fcgi?id=hillde01&t=b&year=
572,cristian pache,20,11/19/1998,pachecr,https://www.baseball-reference.com/players/gl.fcgi?id=pachecr01&t=b&year=
573,jesus sanchez,12,10/7/1997,sanchje,https://www.baseball-reference.com/players/gl.fcgi?id=sanchje01&t=b&year=
574,kyle stowers,28,1/2/1998,stoweky,https://www.baseball-reference.com/players/gl.fcgi?id=stoweky01&t=b&year=
575,paul blackburn,58,12/4/1993,blackpa,https://www.baseball-reference.com/players/gl.fcgi?id=blackpa01&t=b&year=
576,huascar brazoban,43,10/15/1989,brazohu,https://www.baseball-reference.com/players/gl.fcgi?id=brazohu01&t=b&year=
577,jose butto,70,3/19/1998,buttojo,https://www.baseball-reference.com/players/gl.fcgi?id=buttojo01&t=b&year=
578,edwin diaz,39,3/22/1994,diazed,https://www.baseball-reference.com/players/gl.fcgi?id=diazed01&t=b&year=
579,sean manaea,59,2/1/1992,manaese,https://www.baseball-reference.com/players/gl.fcgi?id=manaese01&t=b&year=
580,phil maton,88,3/25/1993,matonph,https://www.baseball-reference.com/players/gl.fcgi?id=matonph01&t=b&year=
581,adam ottavino,0,11/22/1985,ottavad,https://www.baseball-reference.com/players/gl.fcgi?id=ottavad01&t=b&year=
582,david peterson,23,9/3/1995,peterda,https://www.baseball-reference.com/players/gl.fcgi?id=peterda01&t=b&year=
583,jose quintana,62,1/24/1989,quintjo,https://www.baseball-reference.com/players/gl.fcgi?id=quintjo01&t=b&year=
584,luis severino,40,2/20/1994,severlu,https://www.baseball-reference.com/players/gl.fcgi?id=severlu01&t=b&year=
585,ryne stanek,55,7/26/1991,stanery,https://www.baseball-reference.com/players/gl.fcgi?id=stanery01&t=b&year=
586,alex young,46,9/9/1993,youngal,https://www.baseball-reference.com/players/gl.fcgi?id=youngal01&t=b&year=
587,danny young,81,5/27/1994,youngda,https://www.baseball-reference.com/players/gl.fcgi?id=youngda01&t=b&year=
588,francisco alvarez,4,11/19/2001,alvarfr,https://www.baseball-reference.com/players/gl.fcgi?id=alvarfr01&t=b&year=
589,luis torrens,13,5/2/1996,torrelu,https://www.baseball-reference.com/players/gl.fcgi?id=torrelu01&t=b&year=
590,pete alonso,20,12/7/1994,alonspe,https://www.baseball-reference.com/players/gl.fcgi?id=alonspe01&t=b&year=
591,jose iglesias,11,1/5/1990,iglesjo,https://www.baseball-reference.com/players/gl.fcgi?id=iglesjo01&t=b&year=
592,francisco lindor,12,11/14/1993,lindofr,https://www.baseball-reference.com/players/gl.fcgi?id=lindofr01&t=b&year=
593,jeff mcneil,1,4/8/1992,mcneije,https://www.baseball-reference.com/players/gl.fcgi?id=mcneije01&t=b&year=
594,mark vientos,27,12/11/1999,vientma,https://www.baseball-reference.com/players/gl.fcgi?id=vientma01&t=b&year=
595,harrison bader,44,6/3/1994,baderha,https://www.baseball-reference.com/players/gl.fcgi?id=baderha01&t=b&year=
596,ben gamel,21,5/17/1992,gamelbe,https://www.baseball-reference.com/players/gl.fcgi?id=gamelbe01&t=b&year=
597,brandon nimmo,9,3/27/1993,nimmobr,https://www.baseball-reference.com/players/gl.fcgi?id=nimmobr01&t=b&year=
598,tyrone taylor,15,1/22/1994,tayloty,https://www.baseball-reference.com/players/gl.fcgi?id=tayloty01&t=b&year=
599,jesse winker,3,8/17/1993,winkeje,https://www.baseball-reference.com/players/gl.fcgi?id=winkeje01&t=b&year=
600,j.d. martinez,28,8/21/1987,martij.,https://www.baseball-reference.com/players/gl.fcgi?id=martij.01&t=b&year=
601,kolby allard,49,8/13/1997,allarko,https://www.baseball-reference.com/players/gl.fcgi?id=allarko01&t=b&year=
602,jose alvarado,46,5/21/1995,alvarjo,https://www.baseball-reference.com/players/gl.fcgi?id=alvarjo01&t=b&year=
603,tanner banks,58,10/24/1991,banksta,https://www.baseball-reference.com/players/gl.fcgi?id=banksta01&t=b&year=
604,carlos estevez,53,12/28/1992,estevca,https://www.baseball-reference.com/players/gl.fcgi?id=estevca01&t=b&year=
605,jeff hoffman,23,1/8/1993,hoffmje,https://www.baseball-reference.com/players/gl.fcgi?id=hoffmje01&t=b&year=
606,orion kerkering,50,4/4/2001,kerkeor,https://www.baseball-reference.com/players/gl.fcgi?id=kerkeor01&t=b&year=
607,yunior marte,43,2/2/1995,marteyu,https://www.baseball-reference.com/players/gl.fcgi?id=marteyu01&t=b&year=
608,aaron nola,27,6/4/1993,nolaaa,https://www.baseball-reference.com/players/gl.fcgi?id=nolaaa01&t=b&year=
609,tyler phillips,48,10/27/1997,phillty,https://www.baseball-reference.com/players/gl.fcgi?id=phillty01&t=b&year=
610,jose ruiz,66,10/21/1994,ruizjo,https://www.baseball-reference.com/players/gl.fcgi?id=ruizjo01&t=b&year=
611,cristopher sanchez,61,12/12/1996,sanchcr,https://www.baseball-reference.com/players/gl.fcgi?id=sanchcr01&t=b&year=
612,matt strahm,25,11/12/1991,strahma,https://www.baseball-reference.com/players/gl.fcgi?id=strahma01&t=b&year=
613,zack wheeler,45,5/30/1990,wheelza,https://www.baseball-reference.com/players/gl.fcgi?id=wheelza01&t=b&year=
614,j.t. realmuto,10,3/18/1991,realmj.,https://www.baseball-reference.com/players/gl.fcgi?id=realmj.01&t=b&year=
615,garrett stubbs,21,5/26/1993,stubbga,https://www.baseball-reference.com/players/gl.fcgi?id=stubbga01&t=b&year=
616,alec bohm,28,8/3/1996,bohmal,https://www.baseball-reference.com/players/gl.fcgi?id=bohmal01&t=b&year=
617,bryce harper,3,10/16/1992,harpebr,https://www.baseball-reference.com/players/gl.fcgi?id=harpebr01&t=b&year=
618,edmundo sosa,33,3/6/1996,sosaed,https://www.baseball-reference.com/players/gl.fcgi?id=sosaed01&t=b&year=
619,bryson stott,5,10/6/1997,stottbr,https://www.baseball-reference.com/players/gl.fcgi?id=stottbr01&t=b&year=
620,trea turner,7,6/30/1993,turnetr,https://www.baseball-reference.com/players/gl.fcgi?id=turnetr01&t=b&year=
621,weston wilson,37,9/11/1994,wilsowe,https://www.baseball-reference.com/players/gl.fcgi?id=wilsowe01&t=b&year=
622,nick castellanos,8,3/4/1992,casteni,https://www.baseball-reference.com/players/gl.fcgi?id=casteni01&t=b&year=
623,austin hays,9,7/5/1995,haysau,https://www.baseball-reference.com/players/gl.fcgi?id=haysau01&t=b&year=
624,brandon marsh,16,12/18/1997,marshbr,https://www.baseball-reference.com/players/gl.fcgi?id=marshbr01&t=b&year=
625,johan rojas,18,8/14/2000,rojasjo,https://www.baseball-reference.com/players/gl.fcgi?id=rojasjo01&t=b&year=
626,kyle schwarber,12,3/5/1993,schwaky,https://www.baseball-reference.com/players/gl.fcgi?id=schwaky01&t=b&year=
627,joan adon,60,8/12/1998,adonjo,https://www.baseball-reference.com/players/gl.fcgi?id=adonjo01&t=b&year=
628,jacob barnes,59,4/14/1990,barneja,https://www.baseball-reference.com/players/gl.fcgi?id=barneja01&t=b&year=
629,patrick corbin,46,7/19/1989,corbipa,https://www.baseball-reference.com/players/gl.fcgi?id=corbipa01&t=b&year=
630,jose ferrer,47,3/3/2000,ferrejo,https://www.baseball-reference.com/players/gl.fcgi?id=ferrejo01&t=b&year=
631,kyle finnegan,67,9/4/1991,finneky,https://www.baseball-reference.com/players/gl.fcgi?id=finneky01&t=b&year=
632,robert garcia,61,6/14/1996,garciro,https://www.baseball-reference.com/players/gl.fcgi?id=garciro01&t=b&year=
633,mackenzie gore,1,2/24/1999,gorema,https://www.baseball-reference.com/players/gl.fcgi?id=gorema01&t=b&year=
634,dj herz,74,1/4/2001,herzdj,https://www.baseball-reference.com/players/gl.fcgi?id=herzdj01&t=b&year=
635,jake irvin,27,2/18/1997,irvinja,https://www.baseball-reference.com/players/gl.fcgi?id=irvinja01&t=b&year=
636,derek law,58,9/14/1990,lawde,https://www.baseball-reference.com/players/gl.fcgi?id=lawde01&t=b&year=
637,mitchell parker,70,9/27/1999,parkemi,https://www.baseball-reference.com/players/gl.fcgi?id=parkemi01&t=b&year=
638,tanner rainey,21,12/25/1992,raineta,https://www.baseball-reference.com/players/gl.fcgi?id=raineta01&t=b&year=
639,eduardo salazar,62,5/5/1998,salazed,https://www.baseball-reference.com/players/gl.fcgi?id=salazed01&t=b&year=
640,riley adams,15,6/26/1996,adamsri,https://www.baseball-reference.com/players/gl.fcgi?id=adamsri01&t=b&year=
641,keibert ruiz,20,7/20/1998,ruizke,https://www.baseball-reference.com/players/gl.fcgi?id=ruizke01&t=b&year=
642,cj abrams,5,10/3/2000,abramcj,https://www.baseball-reference.com/players/gl.fcgi?id=abramcj01&t=b&year=
643,travis blankenhorn,33,8/3/1996,blanktr,https://www.baseball-reference.com/players/gl.fcgi?id=blanktr01&t=b&year=
644,luis garcia jr.,2,5/16/2000,garcilu,https://www.baseball-reference.com/players/gl.fcgi?id=garcilu01&t=b&year=
645,trey lipscomb,38,6/14/2000,lipsctr,https://www.baseball-reference.com/players/gl.fcgi?id=lipsctr01&t=b&year=
646,nasim nunez,26,8/18/2000,nunezna,https://www.baseball-reference.com/players/gl.fcgi?id=nunezna01&t=b&year=
647,ildemaro vargas,14,7/16/1991,vargail,https://www.baseball-reference.com/players/gl.fcgi?id=vargail01&t=b&year=
648,juan yepez,18,2/19/1998,yepezju,https://www.baseball-reference.com/players/gl.fcgi?id=yepezju01&t=b&year=
649,alex call,17,9/27/1994,callal,https://www.baseball-reference.com/players/gl.fcgi?id=callal01&t=b&year=
650,harold ramirez,43,9/6/1994,ramirha,https://www.baseball-reference.com/players/gl.fcgi?id=ramirha01&t=b&year=
651,james wood,29,9/17/2002,woodja,https://www.baseball-reference.com/players/gl.fcgi?id=woodja01&t=b&year=
652,jacob young,30,7/27/1999,youngja,https://www.baseball-reference.com/players/gl.fcgi?id=youngja01&t=b&year=
653,angel chivilli,57,7/28/2002,chivian,https://www.baseball-reference.com/players/gl.fcgi?id=chivian01&t=b&year=
654,noah davis,63,4/22/1997,davisno,https://www.baseball-reference.com/players/gl.fcgi?id=davisno01&t=b&year=
655,ryan feltner,18,9/2/1996,feltnry,https://www.baseball-reference.com/players/gl.fcgi?id=feltnry01&t=b&year=
656,kyle freeland,21,5/14/1993,freelky,https://www.baseball-reference.com/players/gl.fcgi?id=freelky01&t=b&year=
657,austin gomber,26,11/23/1993,gombeau,https://www.baseball-reference.com/players/gl.fcgi?id=gombeau01&t=b&year=
658,tanner gordon,29,10/26/1997,gordota,https://www.baseball-reference.com/players/gl.fcgi?id=gordota01&t=b&year=
659,tyler kinley,40,1/31/1991,kinlety,https://www.baseball-reference.com/players/gl.fcgi?id=kinlety01&t=b&year=
660,peter lambert,20,4/18/1997,lambepe,https://www.baseball-reference.com/players/gl.fcgi?id=lambepe01&t=b&year=
661,justin lawrence,61,11/25/1994,lawreju,https://www.baseball-reference.com/players/gl.fcgi?id=lawreju01&t=b&year=
662,anthony molina,43,1/12/2002,molinan,https://www.baseball-reference.com/players/gl.fcgi?id=molinan01&t=b&year=
663,cal quantrill,47,2/10/1995,quantca,https://www.baseball-reference.com/players/gl.fcgi?id=quantca01&t=b&year=
664,chasen shreve,46,7/12/1990,shrevch,https://www.baseball-reference.com/players/gl.fcgi?id=shrevch01&t=b&year=
665,victor vodnik,38,10/9/1999,vodnivi,https://www.baseball-reference.com/players/gl.fcgi?id=vodnivi01&t=b&year=
666,elias diaz,35,11/17/1990,diazel,https://www.baseball-reference.com/players/gl.fcgi?id=diazel01&t=b&year=
667,jacob stallings,25,12/22/1989,stallja,https://www.baseball-reference.com/players/gl.fcgi?id=stallja01&t=b&year=
668,kris bryant,23,1/4/1992,bryankr,https://www.baseball-reference.com/players/gl.fcgi?id=bryankr01&t=b&year=
669,ryan mcmahon,24,12/14/1994,mcmahry,https://www.baseball-reference.com/players/gl.fcgi?id=mcmahry01&t=b&year=
670,brendan rodgers,7,8/9/1996,rodgebr,https://www.baseball-reference.com/players/gl.fcgi?id=rodgebr01&t=b&year=
671,aaron schunk,30,7/24/1997,schunaa,https://www.baseball-reference.com/players/gl.fcgi?id=schunaa01&t=b&year=
672,michael toglia,4,8/16/1998,toglimi,https://www.baseball-reference.com/players/gl.fcgi?id=toglimi01&t=b&year=
673,ezequiel tovar,14,8/1/2001,tovarez,https://www.baseball-reference.com/players/gl.fcgi?id=tovarez01&t=b&year=
674,charlie blackmon,19,7/1/1986,blackch,https://www.baseball-reference.com/players/gl.fcgi?id=blackch01&t=b&year=
675,jake cave,11,12/4/1992,caveja,https://www.baseball-reference.com/players/gl.fcgi?id=caveja01&t=b&year=
676,brenton doyle,9,5/14/1998,doylebr,https://www.baseball-reference.com/players/gl.fcgi?id=doylebr01&t=b&year=
677,hunter goodman,15,10/8/1999,goodmhu,https://www.baseball-reference.com/players/gl.fcgi?id=goodmhu01&t=b&year=
678,sam hilliard,16,2/21/1994,hillisa,https://www.baseball-reference.com/players/gl.fcgi?id=hillisa01&t=b&year=
679,anthony banda,43,8/10/1993,bandaan,https://www.baseball-reference.com/players/gl.fcgi?id=bandaan01&t=b&year=
680,jack flaherty,0,10/15/1995,flaheja,https://www.baseball-reference.com/players/gl.fcgi?id=flaheja01&t=b&year=
681,tyler glasnow,31,8/23/1993,glasnty,https://www.baseball-reference.com/players/gl.fcgi?id=glasnty01&t=b&year=
682,michael grove,29,12/18/1996,grovemi,https://www.baseball-reference.com/players/gl.fcgi?id=grovemi01&t=b&year=
683,brent honeywell,40,3/31/1995,honeybr,https://www.baseball-reference.com/players/gl.fcgi?id=honeybr01&t=b&year=
684,daniel hudson,41,3/9/1987,hudsoda,https://www.baseball-reference.com/players/gl.fcgi?id=hudsoda01&t=b&year=
685,joe kelly,99,6/9/1988,kellyjo,https://www.baseball-reference.com/players/gl.fcgi?id=kellyjo01&t=b&year=
686,clayton kershaw,22,3/19/1988,kershcl,https://www.baseball-reference.com/players/gl.fcgi?id=kershcl01&t=b&year=
687,michael kopech,45,4/30/1996,kopecmi,https://www.baseball-reference.com/players/gl.fcgi?id=kopecmi01&t=b&year=
688,evan phillips,59,9/11/1994,phillev,https://www.baseball-reference.com/players/gl.fcgi?id=phillev01&t=b&year=
689,river ryan,77,8/17/1998,ryanri,https://www.baseball-reference.com/players/gl.fcgi?id=ryanri01&t=b&year=
690,gavin stone,35,10/15/1998,stonega,https://www.baseball-reference.com/players/gl.fcgi?id=stonega01&t=b&year=
691,alex vesia,51,4/11/1996,vesiaal,https://www.baseball-reference.com/players/gl.fcgi?id=vesiaal01&t=b&year=
692,shohei ohtani,17,7/5/1994,ohtansh,https://www.baseball-reference.com/players/gl.fcgi?id=ohtansh01&t=b&year=
693,austin barnes,15,12/28/1989,barneau,https://www.baseball-reference.com/players/gl.fcgi?id=barneau01&t=b&year=
694,will smith,16,3/28/1995,smithwi,https://www.baseball-reference.com/players/gl.fcgi?id=smithwi01&t=b&year=
695,nick ahmed,12,3/15/1990,ahmedni,https://www.baseball-reference.com/players/gl.fcgi?id=ahmedni01&t=b&year=
696,freddie freeman,5,9/12/1989,freemfr,https://www.baseball-reference.com/players/gl.fcgi?id=freemfr01&t=b&year=
697,enrique hernandez,8,8/24/1991,hernaen,https://www.baseball-reference.com/players/gl.fcgi?id=hernaen01&t=b&year=
698,gavin lux,9,11/23/1997,luxga,https://www.baseball-reference.com/players/gl.fcgi?id=luxga01&t=b&year=
699,miguel rojas,11,2/24/1989,rojasmi,https://www.baseball-reference.com/players/gl.fcgi?id=rojasmi01&t=b&year=
700,teoscar hernandez,37,10/15/1992,hernate,https://www.baseball-reference.com/players/gl.fcgi?id=hernate01&t=b&year=
701,jason heyward,23,8/9/1989,heywaja,https://www.baseball-reference.com/players/gl.fcgi?id=heywaja01&t=b&year=
702,kevin kiermaier,93,4/22/1990,kiermke,https://www.baseball-reference.com/players/gl.fcgi?id=kiermke01&t=b&year=
703,andy pages,44,12/8/2000,pagesan,https://www.baseball-reference.com/players/gl.fcgi?id=pagesan01&t=b&year=
704,amed rosario,27,11/20/1995,rosaram,https://www.baseball-reference.com/players/gl.fcgi?id=rosaram01&t=b&year=
705,jason adam,40,8/4/1991,adamja,https://www.baseball-reference.com/players/gl.fcgi?id=adamja01&t=b&year=
706,dylan cease,84,12/28/1995,ceasedy,https://www.baseball-reference.com/players/gl.fcgi?id=ceasedy01&t=b&year=
707,jeremiah estrada,56,11/1/1998,estraje,https://www.baseball-reference.com/players/gl.fcgi?id=estraje01&t=b&year=
708,bryan hoeing,78,10/19/1996,hoeinbr,https://www.baseball-reference.com/players/gl.fcgi?id=hoeinbr01&t=b&year=
709,alek jacob,37,6/16/1998,jacobal,https://www.baseball-reference.com/players/gl.fcgi?id=jacobal01&t=b&year=
710,michael king,34,5/25/1995,kingmi,https://www.baseball-reference.com/players/gl.fcgi?id=kingmi01&t=b&year=
711,yuki matsui,1,10/30/1995,matsuyu,https://www.baseball-reference.com/players/gl.fcgi?id=matsuyu01&t=b&year=
712,adrian morejon,50,2/27/1999,morejad,https://www.baseball-reference.com/players/gl.fcgi?id=morejad01&t=b&year=
713,martin perez,54,4/4/1991,perezma,https://www.baseball-reference.com/players/gl.fcgi?id=perezma01&t=b&year=
714,tanner scott,66,7/22/1994,scottta,https://www.baseball-reference.com/players/gl.fcgi?id=scottta01&t=b&year=
715,robert suarez,75,3/1/1991,suarero,https://www.baseball-reference.com/players/gl.fcgi?id=suarero01&t=b&year=
716,randy vasquez,98,11/3/1998,vasqura,https://www.baseball-reference.com/players/gl.fcgi?id=vasqura01&t=b&year=
717,matt waldron,61,9/26/1996,waldrma,https://www.baseball-reference.com/players/gl.fcgi?id=waldrma01&t=b&year=
718,luis campusano,12,9/29/1998,campulu,https://www.baseball-reference.com/players/gl.fcgi?id=campulu01&t=b&year=
719,kyle higashioka,20,4/20/1990,higasky,https://www.baseball-reference.com/players/gl.fcgi?id=higasky01&t=b&year=
720,luis arraez,4,4/9/1997,arraelu,https://www.baseball-reference.com/players/gl.fcgi?id=arraelu01&t=b&year=
721,xander bogaerts,2,10/1/1992,bogaexa,https://www.baseball-reference.com/players/gl.fcgi?id=bogaexa01&t=b&year=
722,jake cronenworth,9,1/21/1994,croneja,https://www.baseball-reference.com/players/gl.fcgi?id=croneja01&t=b&year=
723,haseong kim,7,10/17/1995,kimha,https://www.baseball-reference.com/players/gl.fcgi?id=kimha01&t=b&year=
724,manny machado,13,7/6/1992,machama,https://www.baseball-reference.com/players/gl.fcgi?id=machama01&t=b&year=
725,donovan solano,39,12/17/1987,solando,https://www.baseball-reference.com/players/gl.fcgi?id=solando01&t=b&year=
726,tyler wade,14,11/23/1994,wadety,https://www.baseball-reference.com/players/gl.fcgi?id=wadety01&t=b&year=
727,bryce johnson,27,10/27/1995,johnsbr,https://www.baseball-reference.com/players/gl.fcgi?id=johnsbr01&t=b&year=
728,jackson merrill,3,4/19/2003,merrija,https://www.baseball-reference.com/players/gl.fcgi?id=merrija01&t=b&year=
729,david peralta,24,8/14/1987,peralda,https://www.baseball-reference.com/players/gl.fcgi?id=peralda01&t=b&year=
730,jurickson profar,10,2/20/1993,profaju,https://www.baseball-reference.com/players/gl.fcgi?id=profaju01&t=b&year=
731,hayden birdsong,60,8/30/2001,birdsha,https://www.baseball-reference.com/players/gl.fcgi?id=birdsha01&t=b&year=
732,camilo doval,75,7/4/1997,dovalca,https://www.baseball-reference.com/players/gl.fcgi?id=dovalca01&t=b&year=
733,kyle harrison,45,8/12/2001,harriky,https://www.baseball-reference.com/players/gl.fcgi?id=harriky01&t=b&year=
734,jordan hicks,12,9/6/1996,hicksjo,https://www.baseball-reference.com/players/gl.fcgi?id=hicksjo01&t=b&year=
735,sean hjelle,64,5/7/1997,hjellse,https://www.baseball-reference.com/players/gl.fcgi?id=hjellse01&t=b&year=
736,erik miller,68,2/13/1998,milleer,https://www.baseball-reference.com/players/gl.fcgi?id=milleer01&t=b&year=
737,robbie ray,23,10/1/1991,rayro,https://www.baseball-reference.com/players/gl.fcgi?id=rayro01&t=b&year=
738,randy rodriguez,73,9/5/1999,rodrira,https://www.baseball-reference.com/players/gl.fcgi?id=rodrira01&t=b&year=
739,taylor rogers,33,12/17/1990,rogerta,https://www.baseball-reference.com/players/gl.fcgi?id=rogerta01&t=b&year=
740,tyler rogers,71,12/17/1990,rogerty,https://www.baseball-reference.com/players/gl.fcgi?id=rogerty01&t=b&year=
741,blake snell,7,12/4/1992,snellbl,https://www.baseball-reference.com/players/gl.fcgi?id=snellbl01&t=b&year=
742,ryan walker,74,11/26/1995,walkery,https://www.baseball-reference.com/players/gl.fcgi?id=walkery01&t=b&year=
743,logan webb,62,11/18/1996,webblo,https://www.baseball-reference.com/players/gl.fcgi?id=webblo01&t=b&year=
744,patrick bailey,14,5/29/1999,bailepa,https://www.baseball-reference.com/players/gl.fcgi?id=bailepa01&t=b&year=
745,jakson reetz,50,1/3/1996,reetzja,https://www.baseball-reference.com/players/gl.fcgi?id=reetzja01&t=b&year=
746,mark canha,16,2/15/1989,canhama,https://www.baseball-reference.com/players/gl.fcgi?id=canhama01&t=b&year=
747,matt chapman,26,4/28/1993,chapmma,https://www.baseball-reference.com/players/gl.fcgi?id=chapmma01&t=b&year=
748,marco luciano,37,9/10/2001,luciama,https://www.baseball-reference.com/players/gl.fcgi?id=luciama01&t=b&year=
749,casey schmitt,10,3/1/1999,schmica,https://www.baseball-reference.com/players/gl.fcgi?id=schmica01&t=b&year=
750,lamonte wade jr.,31,1/1/1994,wadela,https://www.baseball-reference.com/players/gl.fcgi?id=wadela01&t=b&year=
751,brett wisely,0,5/8/1999,wiselbr,https://www.baseball-reference.com/players/gl.fcgi?id=wiselbr01&t=b&year=
752,michael conforto,8,3/1/1993,confomi,https://www.baseball-reference.com/players/gl.fcgi?id=confomi01&t=b&year=
753,jerar encarnacion,59,10/22/1997,encarje,https://www.baseball-reference.com/players/gl.fcgi?id=encarje01&t=b&year=
754,tyler fitzgerald,49,9/15/1997,fitzgty,https://www.baseball-reference.com/players/gl.fcgi?id=fitzgty01&t=b&year=
755,heliot ramos,17,9/7/1999,ramoshe,https://www.baseball-reference.com/players/gl.fcgi?id=ramoshe01&t=b&year=
756,mike yastrzemski,5,8/23/1990,yastrmi,https://www.baseball-reference.com/players/gl.fcgi?id=yastrmi01&t=b&year=
